path,source,author,license,url,retrieved,notes
assets/icon.svg,PIPWRECK repo,PIPWRECK UI,own-work,,2026-09-21,App-ikon ritad i projektet. Godots standardikon anvands inte.
assets/icons/android/icon_background.png,tools/gen_icons.py,PIPWRECK dev,own-work,,2026-09-21,"Adaptive icon bakgrund 432x432, surface/pit med svag mittvask"
assets/icons/android/icon_foreground.png,tools/gen_icons.py,PIPWRECK dev,own-work,,2026-09-21,"Adaptive icon forgrund 432x432, PIPWRECK-tarning i krit-stil"
assets/icons/android/icon_legacy.png,tools/gen_icons.py,PIPWRECK dev,own-work,,2026-09-21,"Legacy launcher-ikon 192x192, bakgrund + tarning komponerade"
assets/icons/android/icon_monochrome.png,tools/gen_icons.py,PIPWRECK dev,own-work,,2026-09-21,"Themed icon 432x432 (Android 13+), vit silhuett"
assets/sfx/boss_intro.wav,tools/gen_sfx.py,PIPWRECK UI,own-work,,2026-09-21,"Boss entre, lagt dan 600 ms"
assets/sfx/charge_store.wav,tools/gen_sfx.py,PIPWRECK UI,own-work,,2026-09-21,"Laddning lagras, mjuk klockton 240 ms"
assets/sfx/combo_house.wav,tools/gen_sfx.py,PIPWRECK UI,own-work,,2026-09-21,"Combo x8/kak, fyrklang + sub 250 ms"
assets/sfx/combo_pair.wav,tools/gen_sfx.py,PIPWRECK UI,own-work,,2026-09-21,"Combo x2, stigande tvaklang 120 ms"
assets/sfx/combo_triple.wav,tools/gen_sfx.py,PIPWRECK UI,own-work,,2026-09-21,"Combo x4, stigande treklang 180 ms"
assets/sfx/damage_hit.wav,tools/gen_sfx.py,PIPWRECK UI,own-work,,2026-09-21,"Skada, dov small 90 ms"
assets/sfx/damage_overflow.wav,tools/gen_sfx.py,PIPWRECK UI,own-work,,2026-09-21,"Overflod, small + svep uppat 190 ms"
assets/sfx/defeat.wav,tools/gen_sfx.py,PIPWRECK UI,own-work,,2026-09-21,"Forlust, tre fallande toner 900 ms"
assets/sfx/die_activate.wav,tools/gen_sfx.py,PIPWRECK UI,own-work,,2026-09-21,"Kedjesteg, torr tick 60 ms, pitchas per steg"
assets/sfx/die_cracked.wav,tools/gen_sfx.py,PIPWRECK UI,own-work,,2026-09-21,"Tarning spricker, glassplitter 380 ms"
assets/sfx/enemy_attack.wav,tools/gen_sfx.py,PIPWRECK UI,own-work,,2026-09-21,"Fiendeattack, svep nedat + dunk 250 ms"
assets/sfx/enemy_killed.wav,tools/gen_sfx.py,PIPWRECK UI,own-work,,2026-09-21,"Fiende dor, krasch + fallande ton 240 ms"
assets/sfx/player_hurt.wav,tools/gen_sfx.py,PIPWRECK UI,own-work,,2026-09-21,"Spelaren traffas, lag puls 240 ms"
assets/sfx/reward_pick.wav,tools/gen_sfx.py,PIPWRECK UI,own-work,,2026-09-21,"Belonig vald, mjuk bekraftelse 300 ms"
assets/sfx/round_end.wav,tools/gen_sfx.py,PIPWRECK UI,own-work,,2026-09-21,"Rundans slut, kort kadens 560 ms"
assets/sfx/ui_tap.wav,tools/gen_sfx.py,PIPWRECK UI,own-work,,2026-09-21,"UI-tryck, 5 ms tick"
assets/sfx/victory.wav,tools/gen_sfx.py,PIPWRECK UI,own-work,,2026-09-21,"Vinst, kort fanfar 800 ms"
assets/sprites/dice/crack_1.png,tools/gen_dice_sprites.py,PIPWRECK UI,own-work,,2026-09-21,Sprickoverlay variant 1
assets/sprites/dice/crack_2.png,tools/gen_dice_sprites.py,PIPWRECK UI,own-work,,2026-09-21,Sprickoverlay variant 2
assets/sprites/dice/crack_3.png,tools/gen_dice_sprites.py,PIPWRECK UI,own-work,,2026-09-21,Sprickoverlay variant 3
assets/sprites/dice/die_body_bone.png,tools/gen_dice_sprites.py,PIPWRECK UI,own-work,,2026-09-21,Tarningskropp bone 32x32 (fortintad; mockup och editorforhandsvisning)
assets/sprites/dice/die_body_glass.png,tools/gen_dice_sprites.py,PIPWRECK UI,own-work,,2026-09-21,Tarningskropp glass 32x32 (fortintad; mockup och editorforhandsvisning)
assets/sprites/dice/die_body_gray.png,tools/gen_dice_sprites.py,PIPWRECK UI,own-work,,2026-09-21,Tarningskropp graskala 32x32; kors genom palette_lut.gdshader
assets/sprites/dice/die_body_iron.png,tools/gen_dice_sprites.py,PIPWRECK UI,own-work,,2026-09-21,Tarningskropp iron 32x32 (fortintad; mockup och editorforhandsvisning)
assets/sprites/dice/die_tumble_gray.png,tools/gen_dice_sprites.py,PIPWRECK UI,own-work,,2026-09-21,Rullanimation tom kropp 6 frames 192x32 graskala
assets/sprites/dice/glass_highlight.png,tools/gen_dice_sprites.py,PIPWRECK UI,own-work,,2026-09-21,"Additiv glaskant, endast glasmaterial"
assets/sprites/dice/glyph_blod.png,tools/gen_dice_sprites.py,PIPWRECK UI,own-work,,2026-09-21,"Symbolsida blod, 1-bit, satt modulate till semantisk token"
assets/sprites/dice/glyph_eld.png,tools/gen_dice_sprites.py,PIPWRECK UI,own-work,,2026-09-21,"Symbolsida eld, 1-bit, satt modulate till semantisk token"
assets/sprites/dice/glyph_frost.png,tools/gen_dice_sprites.py,PIPWRECK UI,own-work,,2026-09-21,"Symbolsida frost, 1-bit, satt modulate till semantisk token"
assets/sprites/dice/glyph_gift.png,tools/gen_dice_sprites.py,PIPWRECK UI,own-work,,2026-09-21,"Symbolsida gift, 1-bit, satt modulate till semantisk token"
assets/sprites/dice/glyph_tomrum.png,tools/gen_dice_sprites.py,PIPWRECK UI,own-work,,2026-09-21,"Symbolsida tomrum, 1-bit, satt modulate till semantisk token"
assets/sprites/dice/lut_bone.png,tools/gen_dice_sprites.py,PIPWRECK UI,own-work,,2026-09-21,Palett-LUT 16x1 for material bone
assets/sprites/dice/lut_glass.png,tools/gen_dice_sprites.py,PIPWRECK UI,own-work,,2026-09-21,Palett-LUT 16x1 for material glass
assets/sprites/dice/lut_iron.png,tools/gen_dice_sprites.py,PIPWRECK UI,own-work,,2026-09-21,Palett-LUT 16x1 for material iron
assets/sprites/dice/lut_world.png,tools/gen_dice_sprites.py,PIPWRECK UI,own-work,,2026-09-21,Palett-LUT 16x1 som tvingar importerade sprites till UI_GUIDE-paletten
assets/sprites/dice/pips_0.png,tools/gen_dice_sprites.py,PIPWRECK UI,own-work,,2026-09-21,"Pip-overlay varde 0 (ihalig ring, HOLLOW/TWIN_EYE)"
assets/sprites/dice/pips_1.png,tools/gen_dice_sprites.py,PIPWRECK UI,own-work,,2026-09-21,Pip-overlay varde 1
assets/sprites/dice/pips_2.png,tools/gen_dice_sprites.py,PIPWRECK UI,own-work,,2026-09-21,Pip-overlay varde 2
assets/sprites/dice/pips_3.png,tools/gen_dice_sprites.py,PIPWRECK UI,own-work,,2026-09-21,Pip-overlay varde 3
assets/sprites/dice/pips_4.png,tools/gen_dice_sprites.py,PIPWRECK UI,own-work,,2026-09-21,Pip-overlay varde 4
assets/sprites/dice/pips_5.png,tools/gen_dice_sprites.py,PIPWRECK UI,own-work,,2026-09-21,Pip-overlay varde 5
assets/sprites/dice/pips_6.png,tools/gen_dice_sprites.py,PIPWRECK UI,own-work,,2026-09-21,Pip-overlay varde 6
assets/sprites/enemies/grave_hand.png,tools/gen_pixel_assets.py,PIPWRECK UI,own-work,,2026-09-21,"GRAVE_HAND idle x4 + death x3, 32x32, hframes 4 vframes 2"
assets/sprites/enemies/iron_tick.png,tools/gen_pixel_assets.py,PIPWRECK UI,own-work,,2026-09-21,"IRON_TICK idle x4 + death x3, 32x32, hframes 4 vframes 2"
assets/sprites/enemies/pip_thief.png,tools/gen_pixel_assets.py,PIPWRECK UI,own-work,,2026-09-21,"PIP_THIEF idle x4 + death x3, 32x32, hframes 4 vframes 2"
assets/sprites/enemies/rust_rat.png,tools/gen_pixel_assets.py,PIPWRECK UI,own-work,,2026-09-21,"RUST_RAT idle x4 + death x3, 32x32, hframes 4 vframes 2"
assets/sprites/enemies/slag_moth.png,tools/gen_pixel_assets.py,PIPWRECK UI,own-work,,2026-09-21,"SLAG_MOTH idle x4 + death x3, 32x32, hframes 4 vframes 2"
assets/sprites/enemies/slagjaw.png,tools/gen_pixel_assets.py,PIPWRECK UI,own-work,,2026-09-21,"SLAGJAW idle x4 + death x3, 48x48, hframes 4 vframes 2"
assets/sprites/enemies/thorn_imp.png,tools/gen_pixel_assets.py,PIPWRECK UI,own-work,,2026-09-21,"THORN_IMP idle x4 + death x3, 32x32, hframes 4 vframes 2"
assets/sprites/env/corridor/ceiling_stone.png,tools/gen_pixel_assets.py,PIPWRECK UI,own-work,,2026-09-21,"korridortak 64x64 kaklingsbart, raberg + dragstag"
assets/sprites/env/corridor/door_boss.png,tools/gen_pixel_assets.py,PIPWRECK UI,own-work,,2026-09-21,"bossdorr 64x64, en kvad (ej kaklingsbar)"
assets/sprites/env/corridor/floor_stone.png,tools/gen_pixel_assets.py,PIPWRECK UI,own-work,,2026-09-21,"korridorgolv 64x64 kaklingsbart, flisor"
assets/sprites/env/corridor/sign_plate.png,tools/gen_tileable.py,PIPWRECK dev,own-work,,2026-09-21,"skyltplatta 64x64 vid T-korsning, stenslab med kritram; nodikonen laggs ovanpa som eget quad"
assets/sprites/env/corridor/torch.png,tools/gen_pixel_assets.py,PIPWRECK UI,own-work,,2026-09-21,"vaggfackla 16x32, 2 frames (32x32), enda varma ljuset"
assets/sprites/env/corridor/wall_stone.png,tools/gen_pixel_assets.py,PIPWRECK UI,own-work,,2026-09-21,"korridorvagg 64x64 kaklingsbar, slaggtegel"
assets/sprites/env/floor1_parallax_far.png,tools/gen_pixel_assets.py,PIPWRECK UI,own-work,,2026-09-21,"parallaxlager 0, hastighet 0,15, 320x120 kaklingsbar"
assets/sprites/env/floor1_parallax_mid.png,tools/gen_pixel_assets.py,PIPWRECK UI,own-work,,2026-09-21,"parallaxlager 1, hastighet 0,45, 320x120 kaklingsbar"
assets/sprites/env/floor1_parallax_near.png,tools/gen_pixel_assets.py,PIPWRECK UI,own-work,,2026-09-21,"parallaxlager 2, hastighet 1,2, 320x64 kaklingsbar"
assets/sprites/env/floor1_tile.png,tools/gen_pixel_assets.py,PIPWRECK UI,own-work,,2026-09-21,"golvtile marschremsa, 32x32 kaklingsbar"
assets/sprites/hero/smith_body_a.png,tools/gen_pixel_assets.py,PIPWRECK UI,own-work,,2026-09-21,"Smeden paperdoll body_a (bas-kropp variant A Broad, alltid synlig), 48x48 8x4"
assets/sprites/hero/smith_body_b.png,tools/gen_pixel_assets.py,PIPWRECK UI,own-work,,2026-09-21,"Smeden paperdoll body_b (bas-kropp variant B Lean, alltid synlig), 48x48 8x4"
assets/sprites/hero/smith_cape_echo_mirror.png,tools/gen_pixel_assets.py,PIPWRECK UI,own-work,,2026-09-21,"Smeden paperdoll cape_echo_mirror (ECHO_MIRROR, primar cape), 48x48 8x4"
assets/sprites/hero/smith_cape_ember.png,tools/gen_pixel_assets.py,PIPWRECK UI,own-work,,2026-09-21,"Smeden paperdoll cape_ember (kappa), 48x48 8x4"
assets/sprites/hero/smith_cape_octopus.png,tools/gen_pixel_assets.py,PIPWRECK UI,own-work,,2026-09-21,"Smeden paperdoll cape_octopus (OCTOPUS, primar cape), 48x48 8x4"
assets/sprites/hero/smith_fx_blood_price.png,tools/gen_pixel_assets.py,PIPWRECK UI,own-work,,2026-09-21,"Smeden paperdoll fx_blood_price (BLOOD_PRICE, primar fx), 48x48 8x4"
assets/sprites/hero/smith_fx_octopus.png,tools/gen_pixel_assets.py,PIPWRECK UI,own-work,,2026-09-21,"Smeden paperdoll fx_octopus (OCTOPUS, reserv fx), 48x48 8x4"
assets/sprites/hero/smith_hair_a.png,tools/gen_pixel_assets.py,PIPWRECK UI,own-work,,2026-09-21,"Smeden paperdoll hair_a (frisyr A, knut i nacken, valfritt lager), 48x48 8x4"
assets/sprites/hero/smith_hair_b.png,tools/gen_pixel_assets.py,PIPWRECK UI,own-work,,2026-09-21,"Smeden paperdoll hair_b (frisyr B, lang flata, valfritt lager), 48x48 8x4"
assets/sprites/hero/smith_head_domino.png,tools/gen_pixel_assets.py,PIPWRECK UI,own-work,,2026-09-21,"Smeden paperdoll head_domino (DOMINO, reserv head), 48x48 8x4"
assets/sprites/hero/smith_helm_domino.png,tools/gen_pixel_assets.py,PIPWRECK UI,own-work,,2026-09-21,"Smeden paperdoll helm_domino (DOMINO, primar helm), 48x48 8x4"
assets/sprites/hero/smith_helm_iron.png,tools/gen_pixel_assets.py,PIPWRECK UI,own-work,,2026-09-21,"Smeden paperdoll helm_iron (hjalm), 48x48 8x4"
assets/sprites/hero/smith_legs_iron.png,tools/gen_pixel_assets.py,PIPWRECK UI,own-work,,2026-09-21,"Smeden paperdoll legs_iron (benskenor, utrustningslager legs), 48x48 8x4"
assets/sprites/hero/smith_offhand_broken_scale.png,tools/gen_pixel_assets.py,PIPWRECK UI,own-work,,2026-09-21,"Smeden paperdoll offhand_broken_scale (BROKEN_SCALE, reserv offhand), 48x48 8x4"
assets/sprites/hero/smith_offhand_cheat_cube.png,tools/gen_pixel_assets.py,PIPWRECK UI,own-work,,2026-09-21,"Smeden paperdoll offhand_cheat_cube (CHEAT_CUBE, primar offhand), 48x48 8x4"
assets/sprites/hero/smith_portrait_a.png,tools/gen_pixel_assets.py,PIPWRECK UI,own-work,,2026-09-21,"Smeden portratt variant A, 96x96, konsvalskarmen"
assets/sprites/hero/smith_portrait_b.png,tools/gen_pixel_assets.py,PIPWRECK UI,own-work,,2026-09-21,"Smeden portratt variant B, 96x96, konsvalskarmen"
assets/sprites/hero/smith_torso_broken_scale.png,tools/gen_pixel_assets.py,PIPWRECK UI,own-work,,2026-09-21,"Smeden paperdoll torso_broken_scale (BROKEN_SCALE, primar torso), 48x48 8x4"
assets/sprites/hero/smith_torso_cheat_cube.png,tools/gen_pixel_assets.py,PIPWRECK UI,own-work,,2026-09-21,"Smeden paperdoll torso_cheat_cube (CHEAT_CUBE, reserv torso), 48x48 8x4"
assets/sprites/hero/smith_torso_echo_mirror.png,tools/gen_pixel_assets.py,PIPWRECK UI,own-work,,2026-09-21,"Smeden paperdoll torso_echo_mirror (ECHO_MIRROR, reserv torso), 48x48 8x4"
assets/sprites/hero/smith_weapon_hammer.png,tools/gen_pixel_assets.py,PIPWRECK UI,own-work,,2026-09-21,"Smeden paperdoll weapon_hammer (vapen A), 48x48 8x4"
assets/sprites/hero/smith_weapon_tongs.png,tools/gen_pixel_assets.py,PIPWRECK UI,own-work,,2026-09-21,"Smeden paperdoll weapon_tongs (vapen B), 48x48 8x4"
assets/sprites/items/relic_blood_price.png,tools/gen_pixel_assets.py,PIPWRECK UI,own-work,,2026-09-21,"Relikikon BLOOD_PRICE, 16x16"
assets/sprites/items/relic_broken_scale.png,tools/gen_pixel_assets.py,PIPWRECK UI,own-work,,2026-09-21,"Relikikon BROKEN_SCALE, 16x16"
assets/sprites/items/relic_cheat_cube.png,tools/gen_pixel_assets.py,PIPWRECK UI,own-work,,2026-09-21,"Relikikon CHEAT_CUBE, 16x16"
assets/sprites/items/relic_domino.png,tools/gen_pixel_assets.py,PIPWRECK UI,own-work,,2026-09-21,"Relikikon DOMINO, 16x16"
assets/sprites/items/relic_echo_mirror.png,tools/gen_pixel_assets.py,PIPWRECK UI,own-work,,2026-09-21,"Relikikon ECHO_MIRROR, 16x16"
assets/sprites/items/relic_octopus.png,tools/gen_pixel_assets.py,PIPWRECK UI,own-work,,2026-09-21,"Relikikon OCTOPUS, 16x16"
assets/sprites/ui/icon_armor.png,tools/gen_pixel_assets.py,PIPWRECK UI,own-work,,2026-09-21,"UI-ikon ARMOR, 16x16, stridsskarm v2"
assets/sprites/ui/icon_attack.png,tools/gen_pixel_assets.py,PIPWRECK UI,own-work,,2026-09-21,"UI-ikon ATTACK, 16x16, stridsskarm v2"
assets/sprites/ui/icon_charge.png,tools/gen_pixel_assets.py,PIPWRECK UI,own-work,,2026-09-21,"UI-ikon CHARGE, 16x16, stridsskarm v2"
assets/sprites/ui/icon_help.png,tools/gen_pixel_assets.py,PIPWRECK UI,own-work,,2026-09-21,"UI-ikon HELP, 16x16, stridsskarm v2"
assets/sprites/ui/icon_overflow.png,tools/gen_pixel_assets.py,PIPWRECK UI,own-work,,2026-09-21,"UI-ikon OVERFLOW, 16x16, stridsskarm v2"
assets/sprites/ui/icon_tutorial_pointer.png,tools/gen_pixel_assets.py,PIPWRECK UI,own-work,,2026-09-21,"UI-ikon TUTORIAL_POINTER, 16x16, stridsskarm v2"
assets/sprites/ui/node_boss.png,tools/gen_pixel_assets.py,PIPWRECK UI,own-work,,2026-09-21,"Nodikon BOSS, 16x16"
assets/sprites/ui/node_combat.png,tools/gen_pixel_assets.py,PIPWRECK UI,own-work,,2026-09-21,"Nodikon COMBAT, 16x16"
assets/sprites/ui/node_elite.png,tools/gen_pixel_assets.py,PIPWRECK UI,own-work,,2026-09-21,"Nodikon ELITE, 16x16"
assets/sprites/ui/node_forge.png,tools/gen_pixel_assets.py,PIPWRECK UI,own-work,,2026-09-21,"Nodikon FORGE, 16x16"
assets/sprites/ui/node_mystery.png,tools/gen_pixel_assets.py,PIPWRECK UI,own-work,,2026-09-21,"Nodikon MYSTERY, 16x16"
assets/sprites/ui/node_rest.png,tools/gen_pixel_assets.py,PIPWRECK UI,own-work,,2026-09-21,"Nodikon REST, 16x16"
assets/sprites/ui/slot_anvil.png,tools/gen_pixel_assets.py,PIPWRECK UI,own-work,,2026-09-21,"Slotikon ANVIL, 16x16"
assets/sprites/ui/slot_charge.png,tools/gen_pixel_assets.py,PIPWRECK UI,own-work,,2026-09-21,"Slotikon CHARGE, 16x16"
assets/sprites/ui/slot_fire.png,tools/gen_pixel_assets.py,PIPWRECK UI,own-work,,2026-09-21,"Slotikon FIRE, 16x16"
assets/sprites/ui/slot_mirror.png,tools/gen_pixel_assets.py,PIPWRECK UI,own-work,,2026-09-21,"Slotikon MIRROR, 16x16"
assets/sprites/ui/slot_plain.png,tools/gen_pixel_assets.py,PIPWRECK UI,own-work,,2026-09-21,"Slotikon PLAIN, 16x16"
assets/sprites/ui/slot_void.png,tools/gen_pixel_assets.py,PIPWRECK UI,own-work,,2026-09-21,"Slotikon VOID, 16x16"
assets/fonts/familjen_grotesk_variable.ttf,https://github.com/google/fonts/tree/main/ofl/familjengrotesk,Familjen STHLM AB,OFL-1.1,https://raw.githubusercontent.com/google/fonts/main/ofl/familjengrotesk/FamiljenGrotesk%5Bwght%5D.ttf,2026-09-22,"UI-typsnitt UI_GUIDE 2.8. Full variabel OFL-fil (wght 400-700), ej subset. Original: FamiljenGrotesk[wght].ttf. Licens: assets/fonts/OFL-familjen_grotesk.txt"
assets/fonts/anton_regular.ttf,https://github.com/google/fonts/tree/main/ofl/anton,Vernon Adams / Cyreal,OFL-1.1,https://raw.githubusercontent.com/google/fonts/main/ofl/anton/Anton-Regular.ttf,2026-09-22,"Displaytypsnitt UI_GUIDE 2.8 (display-xl, display-l). Full OFL-fil, ej subset. Licens: assets/fonts/OFL-anton.txt"
assets/fonts/caveat_brush_regular.ttf,https://github.com/google/fonts/tree/main/ofl/caveatbrush,Impallari Type,OFL-1.1,https://raw.githubusercontent.com/google/fonts/main/ofl/caveatbrush/CaveatBrush-Regular.ttf,2026-09-22,"type/scrawl UI_GUIDE 2.8, kritklotter. Full OFL-fil, ej subset. Licens: assets/fonts/OFL-caveat_brush.txt"
assets/fonts/pipwreck_symbols.ttf,tools/make_symbol_font.py (Noto Sans Symbols 2 Regular),The Noto Project Authors,OFL-1.1,https://raw.githubusercontent.com/google/fonts/main/ofl/notosanssymbols2/NotoSansSymbols2-Regular.ttf,2026-09-22,Symbolfallback for formkoderna i UI_GUIDE 2.3-2.5 (Familjen Grotesk har 619 glyfer och saknar dem). Modified Version: bara vertikala metriker omskalade 1.699 em -> 1.250 em sa att fallbacken inte blaser upp varje etikett. Inga konturer eller kodpunkter andrade. Omdopt till PIPWRECK Symbols. Licens: assets/fonts/OFL-pipwreck_symbols.txt
assets/sprites/ui/icon_arrow_left.png,tools/gen_pixel_assets.py,PIPWRECK UI,own-work,,2026-09-22,"UI-ikon ARROW_LEFT, 16x16, riktningsknapp (ersatter glyfen 0x25C0)"
assets/sprites/ui/icon_arrow_forward.png,tools/gen_pixel_assets.py,PIPWRECK UI,own-work,,2026-09-22,"UI-ikon ARROW_FORWARD, 16x16, riktningsknapp (ersatter glyfen 0x25B2)"
assets/sprites/ui/icon_arrow_right.png,tools/gen_pixel_assets.py,PIPWRECK UI,own-work,,2026-09-22,"UI-ikon ARROW_RIGHT, 16x16, riktningsknapp (ersatter glyfen 0x25B6)"
assets/sprites/ui/icon_sheet.png,tools/gen_pixel_assets.py,PIPWRECK UI,own-work,,2026-09-22,"UI-ikon SHEET, 16x16, character sheet-knappen (ersatter glyfen 0x25EB)"
assets/sprites/ui/icon_settings.png,tools/gen_pixel_assets.py,PIPWRECK UI,own-work,,2026-09-22,"UI-ikon SETTINGS, 16x16, kugghjul (ersatter glyfen 0x2699)"
assets/sprites/ui/icon_undo.png,tools/gen_pixel_assets.py,PIPWRECK UI,own-work,,2026-09-22,"UI-ikon UNDO, 16x16, angra (ersatter glyfen 0x21A9)"
assets/art/boss/SLAGJAW.png,assets/incoming/pipoya-free-rpg-monster-pack/full-480/pipo-boss004.png,Pipoya,proprietary-free,https://pipoya.itch.io/free-rpg-monster-pack,2026-09-23,enemy.SLAGJAW (battler 1024x491 via tools/normalize_art.py)
assets/art/enemy/CHALK_DUMMY.png,assets/incoming/pipoya-free-rpg-monster-pack/full-480/pipo-enemy050.png,Pipoya,proprietary-free,https://pipoya.itch.io/free-rpg-monster-pack,2026-09-23,enemy.CHALK_DUMMY (battler 302x363 via tools/normalize_art.py)
assets/art/enemy/GRAVE_HAND.png,assets/incoming/pipoya-free-rpg-monster-pack/full-480/pipo-enemy011.png,Pipoya,proprietary-free,https://pipoya.itch.io/free-rpg-monster-pack,2026-09-23,enemy.GRAVE_HAND (battler 244x341 via tools/normalize_art.py)
assets/art/enemy/IRON_TICK.png,assets/incoming/pipoya-free-rpg-monster-pack/full-480/pipo-enemy004.png,Pipoya,proprietary-free,https://pipoya.itch.io/free-rpg-monster-pack,2026-09-23,enemy.IRON_TICK (battler 255x189 via tools/normalize_art.py)
assets/art/enemy/PIP_THIEF.png,assets/incoming/pipoya-free-rpg-monster-pack/full-480/pipo-enemy041.png,Pipoya,proprietary-free,https://pipoya.itch.io/free-rpg-monster-pack,2026-09-23,enemy.PIP_THIEF (battler 302x313 via tools/normalize_art.py)
assets/art/enemy/RUST_RAT.png,assets/incoming/pipoya-free-rpg-monster-pack/full-480/pipo-enemy034.png,Pipoya,proprietary-free,https://pipoya.itch.io/free-rpg-monster-pack,2026-09-23,enemy.RUST_RAT (battler 204x198 via tools/normalize_art.py)
assets/art/enemy/SLAG_MOTH.png,assets/incoming/pipoya-free-rpg-monster-pack/full-480/pipo-enemy001.png,Pipoya,proprietary-free,https://pipoya.itch.io/free-rpg-monster-pack,2026-09-23,enemy.SLAG_MOTH (battler 197x328 via tools/normalize_art.py)
assets/art/enemy/THORN_IMP.png,assets/incoming/pipoya-free-rpg-monster-pack/full-480/pipo-enemy013.png,Pipoya,proprietary-free,https://pipoya.itch.io/free-rpg-monster-pack,2026-09-23,enemy.THORN_IMP (battler 216x249 via tools/normalize_art.py)
assets/art/enemy/placeholder.png,assets/incoming/pipoya-free-rpg-monster-pack/full-480/pipo-enemy009.png,Pipoya,proprietary-free,https://pipoya.itch.io/free-rpg-monster-pack,2026-09-23,enemy.placeholder (battler 141x120 via tools/normalize_art.py)
assets/art/env/corridor/ceiling.png,assets/incoming/kaczor237-stylized-dungeon-wall-floor/dungeon-wall/Dungeon_Wall_Albedo.jpg,kaczor237,CC0-1.0,https://kaczor237.itch.io/stylized-mossy-dungeon-wall-seamless-pbr-texture,2026-09-23,env.corridor.ceiling (tile 512x512 via tools/normalize_art.py)
assets/art/env/corridor/door.png,assets/incoming/kaczor237-stylized-dungeon-wall-floor/dungeon-wall/Dungeon_Wall_Albedo.jpg,kaczor237,CC0-1.0,https://kaczor237.itch.io/stylized-mossy-dungeon-wall-seamless-pbr-texture,2026-09-23,env.corridor.door (door 512x512 via tools/normalize_art.py)
assets/art/env/corridor/floor.png,assets/incoming/kaczor237-stylized-dungeon-wall-floor/dungeon-floor/Dungeon_Floor_Albedo.png,kaczor237,CC0-1.0,https://kaczor237.itch.io/stylized-mossy-dungeon-wall-seamless-pbr-texture,2026-09-23,env.corridor.floor (tile 512x512 via tools/normalize_art.py)
assets/art/env/corridor/wall.png,assets/incoming/kaczor237-stylized-dungeon-wall-floor/dungeon-wall/Dungeon_Wall_Albedo.jpg,kaczor237,CC0-1.0,https://kaczor237.itch.io/stylized-mossy-dungeon-wall-seamless-pbr-texture,2026-09-23,env.corridor.wall (tile 512x512 via tools/normalize_art.py)
assets/art/fx/dust.png,assets/incoming/kenney-particle-pack/png-transparent/dirt_02.png,Kenney,CC0-1.0,https://kenney.nl/assets/particle-pack,2026-09-23,fx.dust (fx 256x256 via tools/normalize_art.py)
assets/art/fx/fire.png,assets/incoming/kenney-particle-pack/png-transparent/flame_05.png,Kenney,CC0-1.0,https://kenney.nl/assets/particle-pack,2026-09-23,fx.fire (fx 256x256 via tools/normalize_art.py)
assets/art/fx/hit.png,assets/incoming/kenney-particle-pack/png-transparent/star_07.png,Kenney,CC0-1.0,https://kenney.nl/assets/particle-pack,2026-09-23,fx.hit (fx 256x256 via tools/normalize_art.py)
assets/art/fx/poison.png,assets/incoming/kenney-particle-pack/png-transparent/smoke_04.png,Kenney,CC0-1.0,https://kenney.nl/assets/particle-pack,2026-09-23,fx.poison (fx 256x256 via tools/normalize_art.py)
assets/art/fx/slash.png,assets/incoming/kenney-particle-pack/png-transparent/slash_03.png,Kenney,CC0-1.0,https://kenney.nl/assets/particle-pack,2026-09-23,fx.slash (fx 256x256 via tools/normalize_art.py)
assets/art/gear/BONE_TALLY.png,assets/incoming/ravenmore-fantasy-icon-pack/128/tome.png,Ravenmore (Krzysztof Dycha),CC-BY-3.0,https://opengameart.org/content/fantasy-icon-pack-by-ravenmore-0,2026-09-23,gear.BONE_TALLY (icon 128x128 via tools/normalize_art.py)
assets/art/gear/CART_BOOTS.png,assets/incoming/ravenmore-fantasy-icon-pack/128/coin.png,Ravenmore (Krzysztof Dycha),CC-BY-3.0,https://opengameart.org/content/fantasy-icon-pack-by-ravenmore-0,2026-09-23,gear.CART_BOOTS (icon 128x128 via tools/normalize_art.py)
assets/art/gear/CHALK_SATCHEL.png,assets/incoming/ravenmore-fantasy-icon-pack/128/envelope.png,Ravenmore (Krzysztof Dycha),CC-BY-3.0,https://opengameart.org/content/fantasy-icon-pack-by-ravenmore-0,2026-09-23,gear.CHALK_SATCHEL (icon 128x128 via tools/normalize_art.py)
assets/art/gear/CHIPPED_HAMMER.png,assets/incoming/ravenmore-fantasy-icon-pack/128/hammer.png,Ravenmore (Krzysztof Dycha),CC-BY-3.0,https://opengameart.org/content/fantasy-icon-pack-by-ravenmore-0,2026-09-23,gear.CHIPPED_HAMMER (icon 128x128 via tools/normalize_art.py)
assets/art/gear/DICE_POUCH.png,assets/incoming/ravenmore-fantasy-icon-pack/128/backpack.png,Ravenmore (Krzysztof Dycha),CC-BY-3.0,https://opengameart.org/content/fantasy-icon-pack-by-ravenmore-0,2026-09-23,gear.DICE_POUCH (icon 128x128 via tools/normalize_art.py)
assets/art/gear/GRIP_WRAPS.png,assets/incoming/ravenmore-fantasy-icon-pack/128/shieldSmall.png,Ravenmore (Krzysztof Dycha),CC-BY-3.0,https://opengameart.org/content/fantasy-icon-pack-by-ravenmore-0,2026-09-23,gear.GRIP_WRAPS (icon 128x128 via tools/normalize_art.py)
assets/art/gear/KILN_VEST.png,assets/incoming/ravenmore-fantasy-icon-pack/128/upg_armor.png,Ravenmore (Krzysztof Dycha),CC-BY-3.0,https://opengameart.org/content/fantasy-icon-pack-by-ravenmore-0,2026-09-23,gear.KILN_VEST (icon 128x128 via tools/normalize_art.py)
assets/art/gear/MARROWS_TARP.png,assets/incoming/ravenmore-fantasy-icon-pack/128/map.png,Ravenmore (Krzysztof Dycha),CC-BY-3.0,https://opengameart.org/content/fantasy-icon-pack-by-ravenmore-0,2026-09-23,gear.MARROWS_TARP (icon 128x128 via tools/normalize_art.py)
assets/art/gear/MOTH_EDGE.png,assets/incoming/ravenmore-fantasy-icon-pack/128/dagger.png,Ravenmore (Krzysztof Dycha),CC-BY-3.0,https://opengameart.org/content/fantasy-icon-pack-by-ravenmore-0,2026-09-23,gear.MOTH_EDGE (icon 128x128 via tools/normalize_art.py)
assets/art/gear/PIPSIGHT_LENS.png,assets/incoming/ravenmore-fantasy-icon-pack/128/gemBlue.png,Ravenmore (Krzysztof Dycha),CC-BY-3.0,https://opengameart.org/content/fantasy-icon-pack-by-ravenmore-0,2026-09-23,gear.PIPSIGHT_LENS (icon 128x128 via tools/normalize_art.py)
assets/art/gear/PIT_STRIDERS.png,assets/incoming/ravenmore-fantasy-icon-pack/128/upg_spear.png,Ravenmore (Krzysztof Dycha),CC-BY-3.0,https://opengameart.org/content/fantasy-icon-pack-by-ravenmore-0,2026-09-23,gear.PIT_STRIDERS (icon 128x128 via tools/normalize_art.py)
assets/art/gear/RUST_GREAVES.png,assets/incoming/ravenmore-fantasy-icon-pack/128/upgShieldSmall.png,Ravenmore (Krzysztof Dycha),CC-BY-3.0,https://opengameart.org/content/fantasy-icon-pack-by-ravenmore-0,2026-09-23,gear.RUST_GREAVES (icon 128x128 via tools/normalize_art.py)
assets/art/gear/SCRAP_CAP.png,assets/incoming/ravenmore-fantasy-icon-pack/128/helmet.png,Ravenmore (Krzysztof Dycha),CC-BY-3.0,https://opengameart.org/content/fantasy-icon-pack-by-ravenmore-0,2026-09-23,gear.SCRAP_CAP (icon 128x128 via tools/normalize_art.py)
assets/art/gear/SIXTH_SEAT.png,assets/incoming/ravenmore-fantasy-icon-pack/128/gemRed.png,Ravenmore (Krzysztof Dycha),CC-BY-3.0,https://opengameart.org/content/fantasy-icon-pack-by-ravenmore-0,2026-09-23,gear.SIXTH_SEAT (icon 128x128 via tools/normalize_art.py)
assets/art/gear/SLAGJAW_TOOTH.png,assets/incoming/ravenmore-fantasy-icon-pack/128/upg_sword.png,Ravenmore (Krzysztof Dycha),CC-BY-3.0,https://opengameart.org/content/fantasy-icon-pack-by-ravenmore-0,2026-09-23,gear.SLAGJAW_TOOTH (icon 128x128 via tools/normalize_art.py)
assets/art/gear/SLAG_PLATE.png,assets/incoming/ravenmore-fantasy-icon-pack/128/armor.png,Ravenmore (Krzysztof Dycha),CC-BY-3.0,https://opengameart.org/content/fantasy-icon-pack-by-ravenmore-0,2026-09-23,gear.SLAG_PLATE (icon 128x128 via tools/normalize_art.py)
assets/art/gear/SPIKE_MAUL.png,assets/incoming/ravenmore-fantasy-icon-pack/128/axe.png,Ravenmore (Krzysztof Dycha),CC-BY-3.0,https://opengameart.org/content/fantasy-icon-pack-by-ravenmore-0,2026-09-23,gear.SPIKE_MAUL (icon 128x128 via tools/normalize_art.py)
assets/art/gear/TALLOW_HOOD.png,assets/incoming/ravenmore-fantasy-icon-pack/128/scroll.png,Ravenmore (Krzysztof Dycha),CC-BY-3.0,https://opengameart.org/content/fantasy-icon-pack-by-ravenmore-0,2026-09-23,gear.TALLOW_HOOD (icon 128x128 via tools/normalize_art.py)
assets/art/gear/THIEFS_MITTS.png,assets/incoming/ravenmore-fantasy-icon-pack/128/upg_dagger.png,Ravenmore (Krzysztof Dycha),CC-BY-3.0,https://opengameart.org/content/fantasy-icon-pack-by-ravenmore-0,2026-09-23,gear.THIEFS_MITTS (icon 128x128 via tools/normalize_art.py)
assets/art/gear/TICK_CARAPACE.png,assets/incoming/ravenmore-fantasy-icon-pack/128/shield.png,Ravenmore (Krzysztof Dycha),CC-BY-3.0,https://opengameart.org/content/fantasy-icon-pack-by-ravenmore-0,2026-09-23,gear.TICK_CARAPACE (icon 128x128 via tools/normalize_art.py)
assets/art/gear/TONG_GLOVES.png,assets/incoming/ravenmore-fantasy-icon-pack/128/tools.png,Ravenmore (Krzysztof Dycha),CC-BY-3.0,https://opengameart.org/content/fantasy-icon-pack-by-ravenmore-0,2026-09-23,gear.TONG_GLOVES (icon 128x128 via tools/normalize_art.py)
assets/art/gear/TWIN_PIP.png,assets/incoming/ravenmore-fantasy-icon-pack/128/gemGreen.png,Ravenmore (Krzysztof Dycha),CC-BY-3.0,https://opengameart.org/content/fantasy-icon-pack-by-ravenmore-0,2026-09-23,gear.TWIN_PIP (icon 128x128 via tools/normalize_art.py)
assets/art/gear/placeholder.png,assets/incoming/ravenmore-fantasy-icon-pack/128/x.png,Ravenmore (Krzysztof Dycha),CC-BY-3.0,https://opengameart.org/content/fantasy-icon-pack-by-ravenmore-0,2026-09-23,icon.placeholder (icon 128x128 via tools/normalize_art.py)
assets/art/gear/slot_AMULET.png,assets/incoming/ravenmore-fantasy-icon-pack/128/gemBlue.png,Ravenmore (Krzysztof Dycha),CC-BY-3.0,https://opengameart.org/content/fantasy-icon-pack-by-ravenmore-0,2026-09-23,gear.slot.AMULET (icon 128x128 via tools/normalize_art.py)
assets/art/gear/slot_BACK.png,assets/incoming/ravenmore-fantasy-icon-pack/128/backpack.png,Ravenmore (Krzysztof Dycha),CC-BY-3.0,https://opengameart.org/content/fantasy-icon-pack-by-ravenmore-0,2026-09-23,gear.slot.BACK (icon 128x128 via tools/normalize_art.py)
assets/art/gear/slot_CHEST.png,assets/incoming/ravenmore-fantasy-icon-pack/128/armor.png,Ravenmore (Krzysztof Dycha),CC-BY-3.0,https://opengameart.org/content/fantasy-icon-pack-by-ravenmore-0,2026-09-23,gear.slot.CHEST (icon 128x128 via tools/normalize_art.py)
assets/art/gear/slot_HANDS.png,assets/incoming/ravenmore-fantasy-icon-pack/128/tools.png,Ravenmore (Krzysztof Dycha),CC-BY-3.0,https://opengameart.org/content/fantasy-icon-pack-by-ravenmore-0,2026-09-23,gear.slot.HANDS (icon 128x128 via tools/normalize_art.py)
assets/art/gear/slot_HEAD.png,assets/incoming/ravenmore-fantasy-icon-pack/128/helmet.png,Ravenmore (Krzysztof Dycha),CC-BY-3.0,https://opengameart.org/content/fantasy-icon-pack-by-ravenmore-0,2026-09-23,gear.slot.HEAD (icon 128x128 via tools/normalize_art.py)
assets/art/gear/slot_LEGS.png,assets/incoming/ravenmore-fantasy-icon-pack/128/shieldSmall.png,Ravenmore (Krzysztof Dycha),CC-BY-3.0,https://opengameart.org/content/fantasy-icon-pack-by-ravenmore-0,2026-09-23,gear.slot.LEGS (icon 128x128 via tools/normalize_art.py)
assets/art/gear/slot_WEAPON.png,assets/incoming/ravenmore-fantasy-icon-pack/128/sword.png,Ravenmore (Krzysztof Dycha),CC-BY-3.0,https://opengameart.org/content/fantasy-icon-pack-by-ravenmore-0,2026-09-23,gear.slot.WEAPON (icon 128x128 via tools/normalize_art.py)
assets/art/portrait/hero_a.png,assets/incoming/ravenmore-fantasy-portrait-pack/dwarf_m_256.png,Ravenmore (Krzysztof Dycha),CC-BY-3.0,https://opengameart.org/content/fantasy-portrait-pack-by-ravenmore,2026-09-23,hero.portrait.a (portrait 256x256 via tools/normalize_art.py)
assets/art/portrait/hero_b.png,assets/incoming/ravenmore-fantasy-portrait-pack/human_f_256.png,Ravenmore (Krzysztof Dycha),CC-BY-3.0,https://opengameart.org/content/fantasy-portrait-pack-by-ravenmore,2026-09-23,hero.portrait.b (portrait 256x256 via tools/normalize_art.py)
assets/art/portrait/marrow.png,assets/incoming/ravenmore-fantasy-portrait-pack/gnome_m_256.png,Ravenmore (Krzysztof Dycha),CC-BY-3.0,https://opengameart.org/content/fantasy-portrait-pack-by-ravenmore,2026-09-23,npc.portrait.marrow (portrait 256x256 via tools/normalize_art.py)
assets/art/rarity/common.png,assets/incoming/jwbjerk-painterly-spell-icons/part-3/frame-0-grey.png,J. W. Bjerk (eleazzaar),CC-BY-3.0,https://opengameart.org/content/painterly-spell-icons-part-1,2026-09-23,rarity.frame.common (frame 256x256 via tools/normalize_art.py)
assets/art/rarity/epic.png,assets/incoming/jwbjerk-painterly-spell-icons/part-3/frame-0-royal.png,J. W. Bjerk (eleazzaar),CC-BY-3.0,https://opengameart.org/content/painterly-spell-icons-part-1,2026-09-23,rarity.frame.epic (frame 256x256 via tools/normalize_art.py)
assets/art/rarity/rare.png,assets/incoming/jwbjerk-painterly-spell-icons/part-3/frame-0-sky.png,J. W. Bjerk (eleazzaar),CC-BY-3.0,https://opengameart.org/content/painterly-spell-icons-part-1,2026-09-23,rarity.frame.rare (frame 256x256 via tools/normalize_art.py)
assets/art/rarity/uncommon.png,assets/incoming/jwbjerk-painterly-spell-icons/part-3/frame-0-jade.png,J. W. Bjerk (eleazzaar),CC-BY-3.0,https://opengameart.org/content/painterly-spell-icons-part-1,2026-09-23,rarity.frame.uncommon (frame 256x256 via tools/normalize_art.py)
assets/art/relic/BLOOD_PRICE.png,assets/incoming/ravenmore-fantasy-icon-pack/128/potionRed.png,Ravenmore (Krzysztof Dycha),CC-BY-3.0,https://opengameart.org/content/fantasy-icon-pack-by-ravenmore-0,2026-09-23,relic.BLOOD_PRICE (icon 128x128 via tools/normalize_art.py)
assets/art/relic/BROKEN_SCALE.png,assets/incoming/ravenmore-fantasy-icon-pack/128/heart.png,Ravenmore (Krzysztof Dycha),CC-BY-3.0,https://opengameart.org/content/fantasy-icon-pack-by-ravenmore-0,2026-09-23,relic.BROKEN_SCALE (icon 128x128 via tools/normalize_art.py)
assets/art/relic/CHEAT_CUBE.png,assets/incoming/ravenmore-fantasy-icon-pack/128/potionBlue.png,Ravenmore (Krzysztof Dycha),CC-BY-3.0,https://opengameart.org/content/fantasy-icon-pack-by-ravenmore-0,2026-09-23,relic.CHEAT_CUBE (icon 128x128 via tools/normalize_art.py)
assets/art/relic/DOMINO.png,assets/incoming/ravenmore-fantasy-icon-pack/128/upg_hammer.png,Ravenmore (Krzysztof Dycha),CC-BY-3.0,https://opengameart.org/content/fantasy-icon-pack-by-ravenmore-0,2026-09-23,relic.DOMINO (icon 128x128 via tools/normalize_art.py)
assets/art/relic/ECHO_MIRROR.png,assets/incoming/ravenmore-fantasy-icon-pack/128/upg_helmet.png,Ravenmore (Krzysztof Dycha),CC-BY-3.0,https://opengameart.org/content/fantasy-icon-pack-by-ravenmore-0,2026-09-23,relic.ECHO_MIRROR (icon 128x128 via tools/normalize_art.py)
assets/art/relic/OCTOPUS.png,assets/incoming/ravenmore-fantasy-icon-pack/128/wand.png,Ravenmore (Krzysztof Dycha),CC-BY-3.0,https://opengameart.org/content/fantasy-icon-pack-by-ravenmore-0,2026-09-23,relic.OCTOPUS (icon 128x128 via tools/normalize_art.py)
assets/art/ui/button.png,assets/incoming/ravenmore-fantasy-ui-elements/ADOM-OGA-UI-SmartObject.psd,Ravenmore (Krzysztof Dycha),CC-BY-3.0,https://opengameart.org/content/fantasy-ui-elements-by-ravenmore,2026-09-23,ui.frame.button (crop 512x105 via tools/normalize_art.py)
assets/art/ui/card.png,assets/incoming/ravenmore-fantasy-ui-elements/ADOM-OGA-UI-SmartObject.psd,Ravenmore (Krzysztof Dycha),CC-BY-3.0,https://opengameart.org/content/fantasy-ui-elements-by-ravenmore,2026-09-23,ui.frame.card (crop 512x315 via tools/normalize_art.py)
assets/art/ui/face/blod.png,assets/incoming/game-icons/lorc/heart-drop.svg,Lorc (game-icons.net),CC-BY-3.0,https://raw.githubusercontent.com/game-icons/icons/master/lorc/heart-drop.svg,2026-09-24,"ui.face.blod (svg rendered by tools/icons/render_icons.js, icon 256x256 via tools/normalize_art.py)"
assets/art/ui/face/eld.png,assets/incoming/game-icons/sbed/fire.svg,Sbed (game-icons.net),CC-BY-3.0,https://raw.githubusercontent.com/game-icons/icons/master/sbed/fire.svg,2026-09-24,"ui.face.eld (svg rendered by tools/icons/render_icons.js, icon 256x256 via tools/normalize_art.py)"
assets/art/ui/face/frost.png,assets/incoming/game-icons/lorc/snowflake-2.svg,Lorc (game-icons.net),CC-BY-3.0,https://raw.githubusercontent.com/game-icons/icons/master/lorc/snowflake-2.svg,2026-09-24,"ui.face.frost (svg rendered by tools/icons/render_icons.js, icon 256x256 via tools/normalize_art.py)"
assets/art/ui/face/gift.png,assets/incoming/game-icons/lorc/drop.svg,Lorc (game-icons.net),CC-BY-3.0,https://raw.githubusercontent.com/game-icons/icons/master/lorc/drop.svg,2026-09-24,"ui.face.gift (svg rendered by tools/icons/render_icons.js, icon 256x256 via tools/normalize_art.py)"
assets/art/ui/face/tomrum.png,assets/incoming/game-icons/lorc/portal.svg,Lorc (game-icons.net),CC-BY-3.0,https://raw.githubusercontent.com/game-icons/icons/master/lorc/portal.svg,2026-09-24,"ui.face.tomrum (svg rendered by tools/icons/render_icons.js, icon 256x256 via tools/normalize_art.py)"
assets/art/ui/gearslot/AMULET.png,assets/incoming/game-icons/lorc/gem-pendant.svg,Lorc (game-icons.net),CC-BY-3.0,https://raw.githubusercontent.com/game-icons/icons/master/lorc/gem-pendant.svg,2026-09-24,"ui.gearslot.AMULET (svg rendered by tools/icons/render_icons.js, icon 256x256 via tools/normalize_art.py)"
assets/art/ui/gearslot/BACK.png,assets/incoming/ravenmore-fantasy-icon-pack/512/backpack.png,Ravenmore (Krzysztof Dycha),CC-BY-3.0,https://opengameart.org/content/fantasy-icon-pack-by-ravenmore-0,2026-09-23,ui.gearslot.BACK (icon 256x256 via tools/normalize_art.py)
assets/art/ui/gearslot/CHEST.png,assets/incoming/ravenmore-fantasy-icon-pack/512/armor.png,Ravenmore (Krzysztof Dycha),CC-BY-3.0,https://opengameart.org/content/fantasy-icon-pack-by-ravenmore-0,2026-09-23,ui.gearslot.CHEST (icon 256x256 via tools/normalize_art.py)
assets/art/ui/gearslot/HANDS.png,assets/incoming/ravenmore-fantasy-icon-pack/512/tools.png,Ravenmore (Krzysztof Dycha),CC-BY-3.0,https://opengameart.org/content/fantasy-icon-pack-by-ravenmore-0,2026-09-23,ui.gearslot.HANDS (icon 256x256 via tools/normalize_art.py)
assets/art/ui/gearslot/HEAD.png,assets/incoming/ravenmore-fantasy-icon-pack/512/helmet.png,Ravenmore (Krzysztof Dycha),CC-BY-3.0,https://opengameart.org/content/fantasy-icon-pack-by-ravenmore-0,2026-09-23,ui.gearslot.HEAD (icon 256x256 via tools/normalize_art.py)
assets/art/ui/gearslot/LEGS.png,assets/incoming/game-icons/delapouite/leg-armor.svg,Delapouite (game-icons.net),CC-BY-3.0,https://raw.githubusercontent.com/game-icons/icons/master/delapouite/leg-armor.svg,2026-09-24,"ui.gearslot.LEGS (svg rendered by tools/icons/render_icons.js, icon 256x256 via tools/normalize_art.py)"
assets/art/ui/gearslot/WEAPON.png,assets/incoming/ravenmore-fantasy-icon-pack/512/upg_sword.png,Ravenmore (Krzysztof Dycha),CC-BY-3.0,https://opengameart.org/content/fantasy-icon-pack-by-ravenmore-0,2026-09-23,ui.gearslot.WEAPON (icon 256x256 via tools/normalize_art.py)
assets/art/ui/icon/armor.png,assets/incoming/game-icons/sbed/shield.svg,Sbed (game-icons.net),CC-BY-3.0,https://raw.githubusercontent.com/game-icons/icons/master/sbed/shield.svg,2026-09-24,"ui.icon.armor (svg rendered by tools/icons/render_icons.js, icon 256x256 via tools/normalize_art.py)"
assets/art/ui/icon/arrow_forward.png,assets/incoming/game-icons/delapouite/plain-arrow.svg,Delapouite (game-icons.net),CC-BY-3.0,https://raw.githubusercontent.com/game-icons/icons/master/delapouite/plain-arrow.svg,2026-09-24,"ui.icon.arrow_forward (svg rendered by tools/icons/render_icons.js, icon 256x256 via tools/normalize_art.py)"
assets/art/ui/icon/arrow_left.png,assets/incoming/game-icons/delapouite/plain-arrow.svg,Delapouite (game-icons.net),CC-BY-3.0,https://raw.githubusercontent.com/game-icons/icons/master/delapouite/plain-arrow.svg,2026-09-24,"ui.icon.arrow_left (svg rendered by tools/icons/render_icons.js, icon 256x256 via tools/normalize_art.py)"
assets/art/ui/icon/arrow_right.png,assets/incoming/game-icons/delapouite/plain-arrow.svg,Delapouite (game-icons.net),CC-BY-3.0,https://raw.githubusercontent.com/game-icons/icons/master/delapouite/plain-arrow.svg,2026-09-24,"ui.icon.arrow_right (svg rendered by tools/icons/render_icons.js, icon 256x256 via tools/normalize_art.py)"
assets/art/ui/icon/attack.png,assets/incoming/game-icons/lorc/crossed-swords.svg,Lorc (game-icons.net),CC-BY-3.0,https://raw.githubusercontent.com/game-icons/icons/master/lorc/crossed-swords.svg,2026-09-24,"ui.icon.attack (svg rendered by tools/icons/render_icons.js, icon 256x256 via tools/normalize_art.py)"
assets/art/ui/icon/charge.png,assets/incoming/game-icons/lorc/power-lightning.svg,Lorc (game-icons.net),CC-BY-3.0,https://raw.githubusercontent.com/game-icons/icons/master/lorc/power-lightning.svg,2026-09-24,"ui.icon.charge (svg rendered by tools/icons/render_icons.js, icon 256x256 via tools/normalize_art.py)"
assets/art/ui/icon/help.png,assets/incoming/game-icons/sbed/help.svg,Sbed (game-icons.net),CC-BY-3.0,https://raw.githubusercontent.com/game-icons/icons/master/sbed/help.svg,2026-09-24,"ui.icon.help (svg rendered by tools/icons/render_icons.js, icon 256x256 via tools/normalize_art.py)"
assets/art/ui/icon/overflow.png,assets/incoming/game-icons/delapouite/split-arrows.svg,Delapouite (game-icons.net),CC-BY-3.0,https://raw.githubusercontent.com/game-icons/icons/master/delapouite/split-arrows.svg,2026-09-24,"ui.icon.overflow (svg rendered by tools/icons/render_icons.js, icon 256x256 via tools/normalize_art.py)"
assets/art/ui/icon/pointer.png,assets/incoming/game-icons/delapouite/plain-arrow.svg,Delapouite (game-icons.net),CC-BY-3.0,https://raw.githubusercontent.com/game-icons/icons/master/delapouite/plain-arrow.svg,2026-09-24,"ui.icon.pointer (svg rendered by tools/icons/render_icons.js, icon 256x256 via tools/normalize_art.py)"
assets/art/ui/icon/settings.png,assets/incoming/game-icons/lorc/cog.svg,Lorc (game-icons.net),CC-BY-3.0,https://raw.githubusercontent.com/game-icons/icons/master/lorc/cog.svg,2026-09-24,"ui.icon.settings (svg rendered by tools/icons/render_icons.js, icon 256x256 via tools/normalize_art.py)"
assets/art/ui/icon/sheet.png,assets/incoming/game-icons/lorc/scroll-unfurled.svg,Lorc (game-icons.net),CC-BY-3.0,https://raw.githubusercontent.com/game-icons/icons/master/lorc/scroll-unfurled.svg,2026-09-24,"ui.icon.sheet (svg rendered by tools/icons/render_icons.js, icon 256x256 via tools/normalize_art.py)"
assets/art/ui/icon/undo.png,assets/incoming/game-icons/delapouite/anticlockwise-rotation.svg,Delapouite (game-icons.net),CC-BY-3.0,https://raw.githubusercontent.com/game-icons/icons/master/delapouite/anticlockwise-rotation.svg,2026-09-24,"ui.icon.undo (svg rendered by tools/icons/render_icons.js, icon 256x256 via tools/normalize_art.py)"
assets/art/ui/node/boss.png,assets/incoming/game-icons/lorc/crowned-skull.svg,Lorc (game-icons.net),CC-BY-3.0,https://raw.githubusercontent.com/game-icons/icons/master/lorc/crowned-skull.svg,2026-09-24,"ui.node.boss (svg rendered by tools/icons/render_icons.js, icon 256x256 via tools/normalize_art.py)"
assets/art/ui/node/combat.png,assets/incoming/game-icons/lorc/crossed-swords.svg,Lorc (game-icons.net),CC-BY-3.0,https://raw.githubusercontent.com/game-icons/icons/master/lorc/crossed-swords.svg,2026-09-24,"ui.node.combat (svg rendered by tools/icons/render_icons.js, icon 256x256 via tools/normalize_art.py)"
assets/art/ui/node/elite.png,assets/incoming/game-icons/lorc/horned-skull.svg,Lorc (game-icons.net),CC-BY-3.0,https://raw.githubusercontent.com/game-icons/icons/master/lorc/horned-skull.svg,2026-09-24,"ui.node.elite (svg rendered by tools/icons/render_icons.js, icon 256x256 via tools/normalize_art.py)"
assets/art/ui/node/forge.png,assets/incoming/game-icons/lorc/anvil-impact.svg,Lorc (game-icons.net),CC-BY-3.0,https://raw.githubusercontent.com/game-icons/icons/master/lorc/anvil-impact.svg,2026-09-24,"ui.node.forge (svg rendered by tools/icons/render_icons.js, icon 256x256 via tools/normalize_art.py)"
assets/art/ui/node/mystery.png,assets/incoming/game-icons/lorc/crystal-ball.svg,Lorc (game-icons.net),CC-BY-3.0,https://raw.githubusercontent.com/game-icons/icons/master/lorc/crystal-ball.svg,2026-09-24,"ui.node.mystery (svg rendered by tools/icons/render_icons.js, icon 256x256 via tools/normalize_art.py)"
assets/art/ui/node/rest.png,assets/incoming/game-icons/lorc/campfire.svg,Lorc (game-icons.net),CC-BY-3.0,https://raw.githubusercontent.com/game-icons/icons/master/lorc/campfire.svg,2026-09-24,"ui.node.rest (svg rendered by tools/icons/render_icons.js, icon 256x256 via tools/normalize_art.py)"
assets/art/ui/panel.png,assets/incoming/ravenmore-fantasy-ui-elements/ADOM-OGA-UI-SmartObject.psd,Ravenmore (Krzysztof Dycha),CC-BY-3.0,https://opengameart.org/content/fantasy-ui-elements-by-ravenmore,2026-09-23,ui.frame.panel (crop 512x316 via tools/normalize_art.py)
assets/art/ui/slot.png,assets/incoming/kenney-fantasy-ui-borders/PNG/Default/Border/panel-border-005.png,Kenney,CC0-1.0,https://kenney.nl/assets/fantasy-ui-borders,2026-09-23,ui.frame.slot (copy 48x48 via tools/normalize_art.py)
assets/art/ui/slot/anvil.png,assets/incoming/game-icons/lorc/anvil.svg,Lorc (game-icons.net),CC-BY-3.0,https://raw.githubusercontent.com/game-icons/icons/master/lorc/anvil.svg,2026-09-24,"ui.slot.anvil (svg rendered by tools/icons/render_icons.js, icon 256x256 via tools/normalize_art.py)"
assets/art/ui/slot/charge.png,assets/incoming/game-icons/lorc/power-lightning.svg,Lorc (game-icons.net),CC-BY-3.0,https://raw.githubusercontent.com/game-icons/icons/master/lorc/power-lightning.svg,2026-09-24,"ui.slot.charge (svg rendered by tools/icons/render_icons.js, icon 256x256 via tools/normalize_art.py)"
assets/art/ui/slot/fire.png,assets/incoming/game-icons/sbed/fire.svg,Sbed (game-icons.net),CC-BY-3.0,https://raw.githubusercontent.com/game-icons/icons/master/sbed/fire.svg,2026-09-24,"ui.slot.fire (svg rendered by tools/icons/render_icons.js, icon 256x256 via tools/normalize_art.py)"
assets/art/ui/slot/mirror.png,assets/incoming/game-icons/lorc/mirror-mirror.svg,Lorc (game-icons.net),CC-BY-3.0,https://raw.githubusercontent.com/game-icons/icons/master/lorc/mirror-mirror.svg,2026-09-24,"ui.slot.mirror (svg rendered by tools/icons/render_icons.js, icon 256x256 via tools/normalize_art.py)"
assets/art/ui/slot/plain.png,assets/incoming/game-icons/lorc/stone-block.svg,Lorc (game-icons.net),CC-BY-3.0,https://raw.githubusercontent.com/game-icons/icons/master/lorc/stone-block.svg,2026-09-24,"ui.slot.plain (svg rendered by tools/icons/render_icons.js, icon 256x256 via tools/normalize_art.py)"
assets/art/ui/slot/void.png,assets/incoming/game-icons/lorc/vortex.svg,Lorc (game-icons.net),CC-BY-3.0,https://raw.githubusercontent.com/game-icons/icons/master/lorc/vortex.svg,2026-09-24,"ui.slot.void (svg rendered by tools/icons/render_icons.js, icon 256x256 via tools/normalize_art.py)"
