keys,en,sv
FACE_POISON_DROP,Venom Drop,Giftdroppe
FACE_EMBER,Ember,Glöd
FACE_HOLLOW,Hollow Face,Ihålig sida
FACE_SNOWBALL,Snowball,Snöbollen
FACE_VAMP_FANG,Vampire Fang,Vampyrtand
FACE_TWIN_EYE,Twin Eye,Tvillingöga
FACE_HAMMER_FACE,Forge Hammer,Städhammaren
FACE_LEAD_SIX,Lead Six,Blysidan
RELIC_BLOOD_PRICE,Blood Price,Blodpriset
RELIC_BROKEN_SCALE,Broken Scale,Trasiga vågen
RELIC_OCTOPUS,The Octopus,Bläckfisken
RELIC_ECHO_MIRROR,Echo Mirror,Ekospegeln
RELIC_CHEAT_CUBE,Cheat Cube,Fuskkuben
RELIC_DOMINO,The Domino,Dominobrickan
RELIC_ANVIL_BLESSING,Anvil Blessing,Ambossens välsignelse
SWAP_CHARGE,Charge Slot,Laddaslot
SWAP_VOID,Void Slot,Tomrumsslot
SWAP_FIRE,Fire Slot,Eldslot
SWAP_ANVIL,Anvil Slot,Ambossslot
SWAP_MIRROR,Mirror Slot,Spegelslot
ENEMY_RUST_RAT,Rust Rat,Rostråtta
ENEMY_SLAG_MOTH,Slag Moth,Slaggmalen
ENEMY_THORN_IMP,Thorn Imp,Taggimpen
ENEMY_PIP_THIEF,Pip Thief,Ögontjuven
ENEMY_IRON_TICK,Iron Tick,Järnfästingen
ENEMY_GRAVE_HAND,Grave Hand,Gravhanden
ENEMY_SLAGJAW,Slagjaw,Slaggkäften
CLASS_SMITH,The Smith,Smeden
SLOT_PLAIN,PLAIN,VANLIG
SLOT_FIRE,FIRE,ELD
SLOT_MIRROR,MIRROR,SPEGEL
SLOT_ANVIL,ANVIL,AMBOSS
SLOT_CHARGE,CHARGE,LADDA
SLOT_VOID,VOID,TOMRUM
SLOT_UNKNOWN,UNKNOWN,OKÄND
RARITY_COMMON,COMMON,VANLIG
RARITY_UNCOMMON,UNCOMMON,OVANLIG
RARITY_RARE,RARE,SÄLLSYNT
CATEGORY_FORGE_FACE,face,sida
CATEGORY_RELIC,relic,relik
CATEGORY_SLOT_SWAP,slot,slot
COMBAT_ROOM_ROUND,ROOM %d · R%d,RUM %d · R%d
COMBAT_BOSS_ROUND,BOSS %d · R%d,BOSS %d · R%d
COMBAT_TOTAL_CAPTION,damage · %d dice in the tray,skada · %d tärningar i brickan
COMBAT_TOTAL_CAPTION_IDLE,damage · chain previewed,skada · kedjan förhandsvisad
COMBAT_REROLL,REROLL %d,OMKAST %d
COMBAT_UNDO,UNDO,ÅNGRA
COMBAT_CONFIRM_EMPTY,CONFIRM EMPTY,BEKRÄFTA TOMT
COMBAT_CONFIRM_CHAIN,CONFIRM CHAIN · %d,BEKRÄFTA KEDJA · %d
COMBAT_CHAIN_HIT,%d → %s,%d → %s
COMBAT_CHAIN_OVERFLOW,⮡ %d overflow → %s,⮡ %d överflöd → %s
COMBAT_CHAIN_EMPTY,No damage yet – place your dice.,Ingen skada ännu – placera tärningar.
COMBAT_HOUSE,HOUSE ×%d,KÅK ×%d
COMBAT_ARMOR_BLOCKED,ARMOR %d,RUSTNING %d
COMBAT_CHARGE_SPENT,CHARGE %d,LADDNING %d
COMBAT_DIE_CRACKED,CRACKED,SPRUCKEN
COMBAT_PLAYER_DEAD,DEAD,DÖD
DIE_MISSING,MISSING,SAKNAS
DIE_STOLEN,STOLEN,STULEN
DIE_IN_SLOT,IN %d,PL. %d
DIE_LOCKED,LOCKED,LÅST
DIE_DRAG_HINT,DRAG →,DRA →
FACE_EFFECT_POISON,⬬ poison,⬬ gift
FACE_EFFECT_BURN,▲ burn,▲ brand
FACE_EFFECT_LIFESTEAL,✚ drain,✚ sug
FACE_EFFECT_COPY_LEFT,❖ copy,❖ kopia
FACE_EFFECT_ANVIL,⬣ double,⬣ dubbel
FACE_EFFECT_GROW,↑ grows,↑ växer
FACE_EFFECT_REFUND,⭮ reroll,⭮ omkast
FACE_EFFECT_LOCKED,⬤ locked,⬤ låst
SLOT_STATE_GRABBED,GRABBED,GRIPEN
SLOT_STATE_EMPTY,EMPTY,TOM
ENEMY_ARMOR,⬟ %d arm,⬟ %d rust
STATUS_BURN,▲ %d brn,▲ %d brand
STATUS_POISON,⬬ %d psn,⬬ %d gift
INTENT_ATTACK,▲ %d dmg,▲ %d skada
INTENT_BLOCK,⬟ +%d arm,⬟ +%d rust
INTENT_SPECIAL,✦ %s,✦ %s
INTENT_NONE,–,–
INTENT_NOTE_HARDEN,Hardens: +%d armor,Härdar: +%d rustning
INTENT_NOTE_DRAIN_CHARGE,Drains %d Charge,Suger %d Laddning
INTENT_NOTE_STEAL,Steals an unplaced die,Stjäl en oplacerad tärning
INTENT_NOTE_GRAB,Grabs slot %d,Griper slot %d
INTENT_NOTE_ATTACK,Attacks for %d,Attackerar för %d
MARCH_HEADING,FLOOR %d · %d CLEARED,VÅNING %d · %d RENSADE
MARCH_WALKING,Marching …,Marscherar …
MARCH_SPLIT,The path splits. Choose.,Vägen delar sig. Välj.
MARCH_NODE_COMBAT,COMBAT · ROOM %d,STRID · RUM %d
MARCH_NODE_BOSS,BOSS · ROOM %d,BOSS · RUM %d
MARCH_PREVIEW,%s · %d HP total,%s · %d HP totalt
REWARD_KICKER,ROOM %d CLEARED · FLOOR %d,RUM %d RENSAT · VÅNING %d
REWARD_TITLE,CHOOSE ONE REWARD,VÄLJ EN BELÖNING
REWARD_SUBTITLE,You keep exactly one. The other two are gone.%s,Du tar med dig exakt en. De andra två försvinner.%s
REWARD_BREATHER,  Breather: +%d HP.,  Andrum: +%d HP.
REWARD_SCALE_STRIP,▭ COMMON   ◣ UNCOMMON   ▤ RARE   ·   colour + border + word,▭ VANLIG   ◣ OVANLIG   ▤ SÄLLSYNT   ·   färg + ramform + ord
REWARD_CARD_HEADER,%s %s · %s,%s %s · %s
REWARD_DESC_FORGE_ANY,Reforges a face into %s.,Smider om en sida till %s.
REWARD_DESC_FORGE,Die %d: face %d becomes %s (value %d%s).,Tärning %d: sidan %d blir %s (värde %d%s).
REWARD_DESC_RELIC,New relic: %s. Lasts the rest of the run.,Ny relik: %s. Gäller resten av runnen.
REWARD_DESC_SLOT_SWAP,Slot %d changes from %s to %s.,Slot %d byter från %s till %s.
REWARD_EFFECT_MAGNITUDE,", effect %d",", effekt %d"
REWARD_EFFECT_SPECIAL,", special effect",", specialeffekt"
GAMEOVER_WIN_TITLE,FLOOR CLEARED,VÅNINGEN RENSAD
GAMEOVER_LOSE_TITLE,PIPWRECK,PIPWRECK
GAMEOVER_WIN_SUBTITLE,Slagjaw fell. Floor 2 waits in the next milestone.,Slaggkäften föll. Våning 2 väntar i nästa milstolpe.
GAMEOVER_LOSE_SUBTITLE,"You died in room %d. No continues, no revives.","Du dog i rum %d. Ingen continue, inga revives."
GAMEOVER_STAT_ROOM_REACHED,ROOM REACHED,RUM NÅTT
GAMEOVER_STAT_ROOMS_CLEARED,ROOMS CLEARED,RUM RENSADE
GAMEOVER_STAT_BEST_CHAIN,BEST CHAIN,STÖRSTA KEDJA
GAMEOVER_STAT_BEST_CHAIN_VALUE,%d damage,%d skada
GAMEOVER_STAT_HP_LEFT,HP LEFT,HP KVAR
GAMEOVER_SCORE_ROOMS,Rooms × %d,Rum × %d
GAMEOVER_SCORE_CHAIN,Chain / %d,Kedja / %d
GAMEOVER_SCORE_SURVIVAL,Survival / %d HP,Överlevnad / %d HP
GAMEOVER_SCORE_WIN,Win bonus,Vinstbonus
GAMEOVER_SCORE_TOTAL,META SCORE,META-POÄNG
GAMEOVER_SEED,SEED %d,SEED %d
GAMEOVER_AGAIN,ONE MORE RUN,EN RUN TILL
TITLE_TAGLINE,Six dice. Five slots. One chain.,Sex tärningar. Fem slots. En kedja.
TITLE_CONTINUE,CONTINUE,FORTSÄTT
TITLE_NEW_RUN,NEW RUN,NY RUN
TITLE_SETTINGS,SETTINGS,INSTÄLLNINGAR
SETTINGS_TITLE,Settings,Inställningar
SETTINGS_LANGUAGE,Language,Språk
SETTINGS_SOUND,Sound,Ljud
SETTINGS_HAPTICS,Haptics,Vibration
SETTINGS_REDUCED_MOTION,Reduced motion,Reducerad rörelse
SETTINGS_HIGH_CONTRAST,High contrast,Hög kontrast
SETTINGS_RESET,Reset save,Radera sparfil
SETTINGS_RESET_ACTION,ERASE,RADERA
SETTINGS_RESET_CONFIRM,TAP AGAIN,TRYCK IGEN
SETTINGS_CLOSE,CLOSE,STÄNG
SETTINGS_ON,ON,PÅ
SETTINGS_OFF,OFF,AV
COMBAT_NEW_BEST,NEW BEST,NYTT REKORD
COMBAT_BOSS,BOSS,BOSS
GAMEOVER_YOUR_CALL,It was your call.,Det var ditt val.
GAMEOVER_KILLED_BY,Killed by %s.,Dödad av %s.
COMBAT_SLOT_RULE_PLAIN,no effect,ingen effekt
COMBAT_SLOT_RULE_FIRE,burn 2 on hit,brand 2/träff
COMBAT_SLOT_RULE_MIRROR,copies left,härmar vänster
COMBAT_SLOT_RULE_ANVIL,×2 if 5+,×2 om 5+
COMBAT_SLOT_RULE_CHARGE,"charge, no dmg",skada→laddning
COMBAT_SLOT_RULE_VOID,"ward, no dmg",skada→ward
COMBAT_SLOT_RULE_BLOCKED,blocked 1 round,låst 1 runda
COMBAT_SLOT_RULE_EMPTY,empty,tom
COMBAT_SLOT_CAPTION,slot %d,slot %d
COMBAT_SLOT_MATH,%d ×%d = %d,%d ×%d = %d
COMBAT_SLOT_MATH_PLAIN,= %d,= %d
COMBAT_SLOT_MATH_MIRROR,←%d ×%d = %d,←%d ×%d = %d
COMBAT_WHY_PAIR_WITH,pair with %d,par med %d
COMBAT_WHY_COPY_OF,copy of %d,kopia av %d
COMBAT_WHY_NO_LEFT,no neighbour,ingen granne
COMBAT_WHY_LEFT_EMPTY,left is empty,tom till vänster
COMBAT_WHY_ANVIL_OK,%d is 5+,%d är 5+
COMBAT_WHY_ANVIL_LOW,too low,för lågt
COMBAT_WHY_BURN,+ burn %d,+ brand %d
COMBAT_WHY_TO_WARD,→ ward,→ ward
COMBAT_WHY_TO_CHARGE,→ charge,→ laddning
COMBAT_WHY_CHARGE_PLUS,charge +%d,laddning +%d
COMBAT_OUT_EMPTY,empty,tom
COMBAT_OUT_BLOCKED,blocked,blockerad
COMBAT_OUT_WARD,ward,ward
COMBAT_OUT_CHARGE,charge,laddning
COMBAT_OUT_FIZZLE,stopped,stoppad
COMBAT_RECEIPT_TOTAL,%d DAMAGE,%d SKADA
COMBAT_RECEIPT_SUMMARY,%d rolled − %d armor,%d slaget − %d rustning
COMBAT_RECEIPT_ARMOR_NOTE,%d per hit × %d hits,%d per träff × %d träffar
COMBAT_RECEIPT_LINE,%d − %d = %d,%d − %d = %d
COMBAT_RECEIPT_TARGET,→ %s   %d → %d,→ %s   %d → %d
COMBAT_RECEIPT_KILL,%s dies,%s dör
COMBAT_RECEIPT_OVERFLOW,⮡ %d spill → %s,⮡ %d spill → %s
COMBAT_RECEIPT_STOPPED,stopped by the armor,stoppas av rustningen
COMBAT_RECEIPT_STATUS,+ %s %d,+ %s %d
COMBAT_RECEIPT_TO_WARD,→ %d ward,→ %d ward
COMBAT_RECEIPT_TO_CHARGE,→ %d charge,→ %d laddning
COMBAT_RECEIPT_TOTAL_ROW,TOTAL,TOTALT
COMBAT_RECEIPT_EXPAND,tap for every hit,tryck för varje träff
COMBAT_RECEIPT_COLLAPSE,tap to fold,tryck för att fälla ihop
COMBAT_ENEMY_NUMBERED,%s %d,%s %d
COMBAT_ARC_PAIR,×%d PAIR · BOTH %d,×%d PAR · BÅDA %d
COMBAT_ARC_TRIPLE,×%d TRIPLE · ALL %d,×%d TRISS · ALLA %d
COMBAT_ARC_QUAD,×%d QUAD · ALL %d,×%d FYRTAL · ALLA %d
COMBAT_ARC_PENTA,×%d PENTA · ALL %d,×%d FEMTAL · ALLA %d
COMBAT_ARC_HOUSE,HOUSE ×%d · TRIPLE + PAIR,KÅK ×%d · TRISS + PAR
COMBAT_ARC_OCTOPUS,OCTOPUS · SLOT 1 + 3,BLÄCKFISKEN · SLOT 1 + 3
COMBAT_ENEMY_ARMOR,Armor %d,Rustning %d
COMBAT_ENEMY_INTENT_ATTACK,Attacks %d,Slår %d
COMBAT_ENEMY_INTENT_BLOCK,Hardens +%d,Härdar +%d
COMBAT_ENEMY_INTENT_SPECIAL,%s,%s
COMBAT_ENEMY_THORNS,Thorns %d,Taggar %d
COMBAT_ENEMY_BURN,Burn %d,Brand %d
COMBAT_ENEMY_POISON,Poison %d,Gift %d
COMBAT_ENEMY_TAKES,takes %d,tar %d
COMBAT_ENEMY_DIES,DIES,DÖR
COMBAT_ENEMY_SPILL,SPILL,SPILL
COMBAT_TRAY_TITLE,THE TRAY,BRICKAN
COMBAT_TRAY_LEFT,%d left = +%d charge,%d kvar = +%d laddning
COMBAT_TRAY_SELECTED,TAP A SLOT,VÄLJ SLOT
COMBAT_TRAY_PLACED,SLOT %d,SLOT %d
COMBAT_TRAY_LOCKED,LOCKED,LÅST
COMBAT_TRAY_STOLEN,STOLEN,STULEN
COMBAT_TRAY_CRACKED,CRACKED,SPRUCKEN
COMBAT_DICE_LEFT,%d dice left,%d tärningar kvar
COMBAT_CONFIRM_DAMAGE,CONFIRM · %d DAMAGE,BEKRÄFTA · %d SKADA
COMBAT_HELP_CLOSE,tap anywhere to close,tryck var som helst för att stänga
COMBAT_HELP_CHARGE_TITLE,Charge,Laddning
COMBAT_HELP_CHARGE,Dice you don't place become Charge. Next round it is added to your leftmost die.,Tärningar du inte lägger ut blir laddning. Nästa runda läggs den på din vänstraste tärning.
COMBAT_HELP_MATH_TITLE,The sum,Räknestycket
COMBAT_HELP_MATH,"Left to right, slot by slot. This is exactly what happens when you press Confirm. No luck left.","Vänster till höger, slot för slot. Exakt det här händer när du trycker Bekräfta. Ingen slump kvar."
COMBAT_HELP_ENEMY_TITLE,The enemy,Fienden
COMBAT_HELP_ENEMY,"Armor is subtracted from every hit. ""Attacks 3"" is what it does to you once your chain is done.","Rustning dras av från varje träff. ""Slår 3"" är vad den gör mot dig när din kedja är klar."
COMBAT_HELP_BOARD_TITLE,The board,Brädet
COMBAT_HELP_BOARD,The arc means two equal values side by side double. Three in a row give ×4. The line under the slot name is the whole rule.,Bågen betyder att två lika värden bredvid varandra dubblas. Tre i rad ger ×4. Raden under slotens namn är hela regeln.
COMBAT_HELP_TRAY_TITLE,The tray,Brickan
COMBAT_HELP_TRAY,"Empty sockets are dice that are already on the board. Tap a die, then tap a slot.",Tomma socklar är tärningar som redan ligger på brädet. Tryck på en tärning och sedan på en slot.
COMBAT_HELP_CONFIRM_TITLE,Confirm,Bekräfta
COMBAT_HELP_CONFIRM,The number on the button is the damage you deal. Then the enemies hit back.,Siffran på knappen är skadan du gör. Sedan slår fienderna tillbaka.
COMBAT_HELP_SLOT_PLAIN,No effect. The value counts as it is. A 4 deals 4.,Ingen effekt. Värdet räknas som det är. En 4:a gör 4.
COMBAT_HELP_SLOT_MIRROR,"Copies the value on its left; its own pips are ignored. Left slot shows 5, so this counts as 5 too — and that's a pair: ×2.","Kopierar värdet till vänster; dess egna ögon ignoreras. Vänstra sloten visar 5, alltså räknas den här också som 5 — och det är ett par: ×2."
COMBAT_HELP_SLOT_ANVIL,Doubles a value of 5 or more. A 6 becomes 12 — which no longer pairs with a 6.,Dubblar ett värde på 5 eller mer. En 6:a blir 12 — som inte längre parar sig med en 6:a.
COMBAT_HELP_SLOT_FIRE,"Every hit from here adds Burn 2. Burn deals its number at the end of each round, then drops by 1.",Varje träff härifrån lägger på Brand 2. Brand gör sitt tal i slutet av varje runda och sjunker sedan med 1.
COMBAT_HELP_SLOT_CHARGE,Damage from here goes to the bank instead of the enemy. 8 damage becomes 8 in the bank.,Skada härifrån går till banken i stället för till fienden. 8 skada blir 8 i banken.
COMBAT_HELP_SLOT_VOID,"Damage from here becomes Ward. Ward soaks the enemy attack this round, then it's gone.",Skada härifrån blir Ward. Ward suger upp fiendens attack den här rundan och försvinner sedan.
COMBAT_HELP_ARMOR,Subtracted from each hit separately. Four hits of 5 against armor 2 deal 12. One hit of 20 deals 18.,Dras av från varje träff för sig. Fyra träffar på 5 mot rustning 2 gör 12. En träff på 20 gör 18.
COMBAT_HELP_CHARGE_POOL,Dice you don't place go in the bank. Next round the whole bank is added to your leftmost die.,Tärningar du inte lägger ut hamnar i banken. Nästa runda läggs hela banken på din vänstraste tärning.
COMBAT_HELP_WARD,Soaks damage this round only. It does not carry over.,Suger upp skada bara den här rundan. Den sparas inte.
COMBAT_HELP_INTENT,What the enemy will do after your chain. It never changes after you see it.,Vad fienden gör efter din kedja. Den ändras aldrig efter att du sett den.
TUT_FLOOR_NAME,THE SHALLOW CUT,GRUNDSTIGEN
TUT_ROOM_LABEL,ROOM 0.%d,RUM 0.%d
TUT_01_PLACE,Drag a die into a slot. The button shows the damage.,Dra en tärning till en ruta. Knappen visar skadan.
TUT_02_OVERFLOW,Damage left over rolls on to the next enemy.,Skada som blir över rullar vidare till nästa fiende.
TUT_03_PAIR,Equal values side by side: ×2. Three in a row: ×4.,Lika värden bredvid varandra: ×2. Tre i rad: ×4.
TUT_04_ARMOR,Armor is subtracted from every hit. One big hit beats four small.,Rustning dras av från varje träff. En stor träff slår fyra små.
TUT_05_MIRROR,Mirror copies the value on its left. Its own pips do nothing.,Spegeln kopierar värdet till vänster. Dess egna ögon gör inget.
TUT_06_CHARGE,Leave slot 1 empty. The charge goes to the Mirror.,Lämna slot 1 tom. Laddningen hamnar i Spegeln.
TUT_07_ANVIL,Anvil doubles 5 or more. A doubled 6 no longer pairs with a 6.,Ambossen dubblar 5 eller mer. En dubblad 6:a parar sig inte längre med en 6:a.
TUT_TRY_MIRROR,Put any die here. Watch what it copies.,Lägg vilken tärning som helst här. Se vad den kopierar.
TUT_ANVIL_BREAKS,12 and 6 are not a pair.,12 och 6 är inte ett par.
TUT_CART_LINE,"The cart still comes for you down here. After this, it doesn't.",Här uppe kommer kärran fortfarande. Efter det här gör den inte det.
TUT_NO_DEATH,You cannot die on this floor.,Du kan inte dö på den här våningen.
TUT_DONE_TITLE,THE SHALLOW CUT IS BEHIND YOU,GRUNDSTIGEN ÄR AVKLARAD
TUT_DONE_BODY,"Eight rules, one floor. Nobody is going to explain the next one.","Åtta regler, en våning. Ingen kommer att förklara nästa."
TUT_SKIP,SKIP THE LESSON,HOPPA ÖVER LEKTIONEN
TUT_POINTER_LABEL,here,här
SMITH_CHOOSE_TITLE,CHOOSE YOUR SMITH,VÄLJ DIN SMED
SMITH_CHOOSE_SUB,Looks only. Both swing the same hammer.,Bara utseende. Båda svingar samma hammare.
SMITH_VARIANT_A,Broad,Bredvuxen
SMITH_VARIANT_B,Lean,Smalvuxen
SMITH_VARIANT_A_NOTE,"Wide stance, full beard","Bred hållning, fullt skägg"
SMITH_VARIANT_B_NOTE,"Tall stance, braided hair","Smal hållning, flätat hår"
SMITH_CHOOSE_CONFIRM,THAT'S ME,DET ÄR JAG
SMITH_CHANGE_LATER,You can change this whenever you like.,Du kan ändra det här när du vill.
SMITH_SHEET_TITLE,THE SMITH,SMEDEN
SMITH_SHEET_GEAR,GEAR,UTRUSTNING
SMITH_SHEET_DICE,YOUR SIX DICE,DINA SEX TÄRNINGAR
SMITH_SHEET_RELICS,RELICS,RELIKER
SMITH_SHEET_CLOSE,CLOSE,STÄNG
SMITH_SHEET_HINT,Tap a slot to read what it does.,Tryck på en slot för att läsa vad den gör.
SMITH_SHEET_CHANGE_LOOK,CHANGE LOOK,BYT UTSEENDE
SMITH_SLOT_HEAD,HEAD,HUVUD
SMITH_SLOT_CHEST,CHEST,BRÖST
SMITH_SLOT_HANDS,HANDS,HÄNDER
SMITH_SLOT_WEAPON,WEAPON,VAPEN
SMITH_SLOT_AMULET,AMULET,AMULETT
SMITH_SLOT_BACK,BACK,RYGG
SMITH_SLOT_LEGS,LEGS,BEN
SMITH_SLOT_EMPTY,empty,tom
SMITH_HP,%d / %d HP,%d / %d HP
FORGE_TITLE,THE FORGE,SMEDJAN
FORGE_SUB,Swap and reorder. Never add.,Byt och ordna om. Aldrig lägga till.
FORGE_TAB_FACES,FACES,SIDOR
FORGE_TAB_SLOTS,SLOT ORDER,SLOTORDNING
FORGE_SWAP_HINT,"Pick a face you carry, then the face that replaces it.","Välj en sida du bär, sedan sidan som ersätter den."
FORGE_SWAP_PAIR,%s becomes %s,%s blir %s
FORGE_REORDER_HINT,"Drag a slot to a new place. Same slots, new order.","Dra en slot till en ny plats. Samma slots, ny ordning."
FORGE_REORDER_WARN,Mirror on slot 1 has nothing to copy.,Spegeln på slot 1 har inget att kopiera.
FORGE_APPLY,FORGE IT,SMID DET
FORGE_REVERT,PUT IT BACK,LÄGG TILLBAKA
FORGE_NO_ADD,The forge never adds power. It moves it.,Smedjan lägger aldrig till kraft. Den flyttar den.
FORGE_LOCKED,Unlocked after run %d.,Låses upp efter run %d.
TOWN_NAME,CHALKRIM,KRITKANTEN
TOWN_GO_DOWN,GO DOWN,GÅ NER
TOWN_CURRENCY_PIPS,Pips,Ögon
TOWN_PIPS_GAINED,+%d PIPS,+%d ÖGON
TOWN_PRICE,%d pips,%d ögon
TOWN_CANT_AFFORD,Not enough pips.,För få ögon.
TOWN_PLACE_PIT_MOUTH,The Pit Mouth,Gropens mun
TOWN_PLACE_MARKET,The Scrap Market,Skrotmarknaden
TOWN_PLACE_TALLY_WALL,The Tally Wall,Kritväggen
TOWN_PLACE_FORGE,The Forge,Smedjan
TOWN_BUY_FACE,New face in the pool,Ny sida i poolen
TOWN_BUY_RELIC,New relic in the pool,Ny relik i poolen
TOWN_BUY_SLOT,New slot type in the pool,Ny slottyp i poolen
TOWN_MARROW_NAME,Marrow,Marrow
TOWN_TALLY_ADDED,One more stroke on the wall.,Ett streck till på väggen.
TOWN_TALLY_ERASED,You rubbed out your own stroke.,Du suddade ditt eget streck.
SMITH_SLOT_SPARE,SPARE,RESERV
COMBAT_RECEIPT_HEADER,ROUND %d · THE CHAIN BEFORE YOU CONFIRM,RUNDA %d · KEDJAN INNAN DU BEKRÄFTAR
COMBAT_NO_RANDOMNESS,NO RANDOMNESS LEFT,INGEN SLUMP KVAR
COMBAT_TERM_WASTED,%d spilled with no target,%d spilldes utan mål
COMBAT_TERM_STATUS,+%d at end of round,+%d vid rundans slut
COMBAT_CHARGE_PILL,Charge %d,Laddning %d
COMBAT_WARD_PILL,Ward %d,Ward %d
CORRIDOR_ROOM,ROOM %d,RUM %d
CORRIDOR_FLOOR_TILES,FLOOR %d · %d TILES,VÅNING %d · %d RUTOR
TUT_REWARD_SLOT4,A fourth slot. One more die in the chain.,En fjärde slot. En tärning till i kedjan.
TUT_REWARD_SLOT5,A fifth slot. The board is full size now.,En femte slot. Brädet har full storlek nu.
TUT_REWARD_MIRROR,A Mirror on slot 3. It copies the value on its left.,En Spegel på slot 3. Den kopierar värdet till vänster.
TUT_REWARD_REROLL,One reroll per round. Use it before you commit.,Ett omkast per runda. Använd det innan du bekräftar.
TUT_REWARD_ANVIL,An Anvil on slot 5. It doubles 5 or more.,En Amboss på slot 5. Den dubblar 5 eller mer.
TUT_LOOT_TITLE,Loot. Pick one.,Loot. Välj ett.
GAMEOVER_PIPS,Pips earned,Intjänade ögon
GAMEOVER_BACK_TO_TOWN,BACK TO CHALKRIM,TILLBAKA TILL KRITKANTEN
TAGLINE,ROLL SIX. PLACE FIVE. THE ORDER IS THE DAMAGE.,KASTA SEX. LÄGG FEM. ORDNINGEN ÄR SKADAN.
TAGLINE_SUB,Equal neighbours multiply.,Lika grannar multiplicerar.
TOWN_SEED,Seed %d,Seed %d
TOWN_NEW_SEED,NEW SEED,NY SEED
TOWN_TALLY,%d marks on the rim,%d streck på kanten
TOWN_LOCKED_RUNS,after %d run(s),efter %d run
MARKET_RULE,"Pips buy variety, never power. Everything here joins the reward pool.","Ögon köper variation, aldrig kraft. Allt här går in i belöningspoolen."
MARKET_EMPTY,Shelves are bare. Go earn some eyes.,Hyllorna är tomma. Gå och förtjäna några ögon.
NPC_TALLY,Tallow,Tallow
NPC_HOB,Hob,Hob
TALLY_LINE,The wall keeps better books than you do.,Väggen för bättre bok än du.
WALL_RUNS,Runs,Runs
WALL_WINS,Runs survived,Överlevda runs
WALL_DEATHS,Marks earned,Intjänade streck
WALL_BEST_CHAIN,Best chain,Bästa kedja
WALL_BEST_SCORE,Best score,Bästa poäng
WALL_SEEN_ENEMIES,Enemies logged,Loggade fiender
WALL_SEEN_COMBOS,Chains logged,Loggade kedjor
DEATH_LINE_SLAGJAW_01,Slagjaw again. It has all the time in the world and you had eleven minutes.,Slaggkäften igen. Den har all tid i världen och du hade elva minuter.
DEATH_LINE_SLAGJAW_02,It hardens when it is bored. You bored it.,Den hårdnar när den har tråkigt. Du tråkade ut den.
DEATH_LINE_THORN_IMP_01,You hit a thorn imp four times. It hit you back four times. That is what four means.,Du slog en taggimp fyra gånger. Den slog tillbaka fyra gånger. Det är vad fyra betyder.
DEATH_LINE_THORN_IMP_02,Little thing. Lot of edges. You knew that going in.,Liten sak. Många eggar. Det visste du när du gick ner.
DEATH_LINE_RUST_RAT_01,Rats. Plural. That is usually how it reads on the wall.,Råttor. Plural. Så brukar det stå på väggen.
DEATH_LINE_RUST_RAT_02,Two armour. Two. And you threw fives at it all day.,Två i rustning. Två. Och du kastade femmor på den hela dagen.
DEATH_LINE_IRON_TICK_01,An iron tick does not dodge. It waits for you to run out of arm.,En järnfästing väjer inte. Den väntar tills armen tar slut på dig.
DEATH_LINE_IRON_TICK_02,Six armour eats small hits for a living. You fed it well.,Sex i rustning lever på små träffar. Du matade den väl.
DEATH_LINE_SLAG_MOTH_01,The moth drank your bank and then drank you. Tidy work.,Malen drack din bank och sedan drack den dig. Prydligt jobbat.
DEATH_LINE_GRAVE_HAND_01,It held one slot shut and that was the whole argument.,"Den höll en slot stängd, och det var hela argumentet."
DEATH_LINE_PIP_THIEF_01,It took a die first. Everything after that was bookkeeping.,Den tog en tärning först. Allt efter det var bokföring.
DEATH_LINE_BLOOD_PRICE_01,You paid in blood for a multiplier. The multiplier was fine. You were not.,Du betalade i blod för en multiplikator. Multiplikatorn mådde fint. Det gjorde inte du.
DEATH_LINE_ANY_01,Cart's warm. Sit down before you say anything clever.,Kärran är varm. Sätt dig innan du säger något kvickt.
DEATH_LINE_ANY_02,Someone will rub out your mark eventually. Not me.,Någon suddar ut ditt streck till slut. Inte jag.
DEATH_LINE_ANY_03,Nobody down there was in a hurry. You were.,Ingen där nere hade bråttom. Det hade du.
DEATH_LINE_ANY_04,I have carried better. I have carried worse. Mostly worse.,Jag har burit bättre. Jag har burit sämre. Mest sämre.
DEATH_LINE_ANY_05,The order was wrong. It is almost always the order.,Ordningen var fel. Det är nästan alltid ordningen.
DEATH_LINE_ANY_06,You got further than the last one. The last one is still down there.,Du kom längre än den förra. Den förra ligger kvar där nere.
DEATH_LINE_ANY_07,Chalk's cheap. That is the only kind thing about the wall.,Kritan är billig. Det är det enda snälla med väggen.
DEATH_LINE_ANY_08,"Keep the seed. The pit does not change its mind, only you do.","Behåll seeden. Gropen ändrar sig aldrig, det är bara du som gör det."
CORRIDOR_LEFT,LEFT,VÄNSTER
CORRIDOR_FORWARD,FORWARD,FRAM
CORRIDOR_RIGHT,RIGHT,HÖGER
CORRIDOR_SIGN_FIGHT,fight,strid
CORRIDOR_SIGN_ELITE,elite,elit
CORRIDOR_SIGN_REST,rest,vila
CORRIDOR_SIGN_MARKET,market,marknad
CORRIDOR_SIGN_FATE,fate roll,ödeskast
CORRIDOR_SIGN_UNKNOWN,unknown,okänt
CORRIDOR_SIGN_BOSS,boss,boss
CORRIDOR_SIGN_STAIRS,stairs up,trappan upp
CORRIDOR_BOSS_DOOR,THE DOOR BREATHES,DÖRREN ANDAS
CORRIDOR_OPEN_DOOR,OPEN,ÖPPNA
CORRIDOR_WAY_BACK,THE WAY BACK IS GONE,VÄGEN TILLBAKA ÄR BORTA
CORRIDOR_TRAP_BODY,No free way past. Pick what it costs you.,Ingen gratis väg förbi. Välj vad det kostar dig.
CORRIDOR_COST_HP,%d HP,%d HP
CORRIDOR_COST_CRACK,%d cracked face,%d sprucken sida
CORRIDOR_ALTAR,"AN ALTAR, AND ONE THING ON IT",ETT ALTARE MED EN ENDA SAK PÅ
CORRIDOR_TAKE_IT,TAKE IT,TA DEN
CORRIDOR_TREASURE_FORGE_FACE,"A face, still warm.","En sida, fortfarande varm."
CORRIDOR_TREASURE_PIPS,%d pips in the dust.,%d ögon i dammet.
CORRIDOR_TREASURE_RELIC,Something worth carrying.,Något värt att bära.
CORRIDOR_TREASURE_CODEX,A page for the codex.,Ett blad till kodexen.
CORRIDOR_TREASURE_NONE,"Dust, and nothing in it.","Damm, och inget i det."
CORRIDOR_REWARD_TITLE,THE ROOM LEAVES SOMETHING,RUMMET LÄMNAR NÅGOT
CORRIDOR_REWARD_BREATHER,TORCH FLARES · +%d HP,FACKLAN FLAMMAR · +%d HP
TRAP_WEB,The Web,Spindelväven
TRAP_EMBERS,The Embers,Glödbädden
TRAP_COLLAPSE,The Collapse,Raset
PUSH_THROUGH,Push through,Tryck igenom
CUT_FREE,Cut free,Skär dig loss
RUN_ACROSS,Run across,Spring över
SMOTHER,Smother it,Kväv den
SQUEEZE,Squeeze past,Pressa dig förbi
DIG_OUT,Dig out,Gräv dig ut
TOWN_SIGN_MARKET,MARKET,MARKNAD
TOWN_SIGN_PIT,THE PIT,GROPEN
TOWN_SIGN_WALL,THE WALL,VÄGGEN
CHARSHEET_SUBTITLE,%s · run %d,%s · run %d
CHARSHEET_DIE,DIE,TÄRNING
CHARSHEET_CRACKED,CRACKED,SPRUCKEN
CHARSHEET_LOOK,LOOK,BYT
DIE_MATERIAL_IRON,Iron,Järn
DIE_MATERIAL_BONE,Bone,Ben
DIE_MATERIAL_GLASS,Glass,Glas
COMBAT_ENEMY_HP,HP %d / %d,HP %d / %d
COMBAT_ENEMY_BURN_SHORT,b%d,b%d
COMBAT_ENEMY_POISON_SHORT,p%d,p%d
GEAR_SCRAP_CAP,Scrap Cap,Skrothjälmen
GEAR_SCRAP_CAP_DESC,+6 max HP.,+6 max-HP.
GEAR_TALLOW_HOOD,Tallow Hood,Talgkåpan
GEAR_TALLOW_HOOD_DESC,+1 reroll in the first round of every fight.,+1 omkast i första rundan av varje strid.
GEAR_PIPSIGHT_LENS,Pipsight Lens,Ögonlinsen
GEAR_PIPSIGHT_LENS_DESC,Every 1 counts as a 2.,Varje etta räknas som en tvåa.
GEAR_SLAG_PLATE,Slag Plate,Slaggplåten
GEAR_SLAG_PLATE_DESC,Armor 2: every enemy attack hits 2 less.,Rustning 2: varje fiendeattack gör 2 mindre.
GEAR_TICK_CARAPACE,Tick Carapace,Fästingskalet
GEAR_TICK_CARAPACE_DESC,Half your Ward stays when the round ends.,Hälften av din Ward ligger kvar när rundan slutar.
GEAR_KILN_VEST,Kiln Vest,Ugnsvästen
GEAR_KILN_VEST_DESC,A round where you take no damage: +4 Charge.,En runda utan skada: +4 Laddning.
GEAR_GRIP_WRAPS,Grip Wraps,Grepplindorna
GEAR_GRIP_WRAPS_DESC,+1 reroll per fight.,+1 omkast per strid.
GEAR_TONG_GLOVES,Tong Gloves,Tånghandskarna
GEAR_TONG_GLOVES_DESC,"Anvils double from 4, not 5.","Ambossen dubblar från 4, inte 5."
GEAR_THIEFS_MITTS,Thief's Mitts,Tjuvvantarna
GEAR_THIEFS_MITTS_DESC,Your leftmost placed die gets +2.,Din vänstraste placerade tärning får +2.
GEAR_CHIPPED_HAMMER,Chipped Hammer,Flisade hammaren
GEAR_CHIPPED_HAMMER_DESC,Slot 5 ignores 2 armor.,Slot 5 ignorerar 2 rustning.
GEAR_SPIKE_MAUL,Spike Maul,Spikklubban
GEAR_SPIKE_MAUL_DESC,The round's biggest hit ignores 3 armor.,Rundans största träff ignorerar 3 rustning.
GEAR_MOTH_EDGE,Moth Edge,Malbettet
GEAR_MOTH_EDGE_DESC,Every kill: +3 Charge.,Varje dödad fiende: +3 Laddning.
GEAR_SLAGJAW_TOOTH,Slagjaw's Tooth,Slaggkäftens tand
GEAR_SLAGJAW_TOOTH_DESC,Overflow ignores armor.,Överflöd beskattas inte av rustning.
GEAR_RUST_GREAVES,Rust Greaves,Rostbenskenorna
GEAR_RUST_GREAVES_DESC,+2 Ward at the start of every round.,+2 Ward i början av varje runda.
GEAR_CART_BOOTS,Cart Boots,Kärrstövlarna
GEAR_CART_BOOTS_DESC,Start every fight with 5 Charge.,Börja varje strid med 5 Laddning.
GEAR_PIT_STRIDERS,Pit Striders,Gropskridarna
GEAR_PIT_STRIDERS_DESC,First round of a fight: you roll 7 dice.,Stridens första runda: du kastar 7 tärningar.
GEAR_DICE_POUCH,Dice Pouch,Tärningspungen
GEAR_DICE_POUCH_DESC,Every unplaced die gives +1 extra Charge.,Varje oplacerad tärning ger +1 extra Laddning.
GEAR_CHALK_SATCHEL,Chalk Satchel,Kritväskan
GEAR_CHALK_SATCHEL_DESC,Charge cap 20 → 32.,Laddningstak 20 → 32.
GEAR_MARROWS_TARP,Marrow's Tarp,Marrows presenning
GEAR_MARROWS_TARP_DESC,"When you die, one more item is rescued.",När du dör räddas ett föremål till.
GEAR_BONE_TALLY,Bone Tally,Benräkningen
GEAR_BONE_TALLY_DESC,+1 damage per hit for every enemy already killed this fight.,+1 skada per träff för varje fiende du redan dödat i striden.
GEAR_TWIN_PIP,Twin Pip,Tvillingögat
GEAR_TWIN_PIP_DESC,Two pairs also trigger HOUSE.,Två par utlöser också KÅK.
GEAR_SIXTH_SEAT,Sixth Seat,Sjätte platsen
GEAR_SIXTH_SEAT_DESC,+1 slot: the board has 6 slots.,+1 slot: brädet har 6 slots.
GEAR_BLOOD_PRICE,Blood Price,Blodpriset
GEAR_BLOOD_PRICE_DESC,"If a combo forms: −4 HP, every combo multiplier ×2.","Bildas ett combo: −4 HP, alla combomultiplikatorer ×2."
GEAR_BROKEN_SCALE,Broken Scale,Trasiga vågen
GEAR_BROKEN_SCALE_DESC,Odd values round up to even.,Udda värden avrundas upp till jämna.
GEAR_OCTOPUS,The Octopus,Bläckfisken
GEAR_OCTOPUS_DESC,Slots 2 and 4 count as neighbours.,Slot 2 och 4 räknas som grannar.
GEAR_ECHO_MIRROR,Echo Mirror,Ekospegeln
GEAR_ECHO_MIRROR_DESC,Mirror slots also copy the effect of the face on their left.,Spegelslots kopierar även effekten på sidan till vänster.
GEAR_CHEAT_CUBE,Cheat Cube,Fuskkuben
GEAR_CHEAT_CUBE_DESC,First roll of a fight: dice 1–3 show the same value.,Stridens första kast: tärning 1–3 visar samma värde.
GEAR_DOMINO,The Domino,Dominobrickan
GEAR_DOMINO_DESC,Once per round the biggest hit makes its right neighbour strike again for half.,En gång per runda får största träffen sin högra granne att slå igen för hälften.
HERO_QUIRK_HEAVY_HANDED,Heavy-Handed,Tunghänt
HERO_QUIRK_HEAVY_HANDED_DESC,"+1 on every 6, −1 on every 1.","+1 på varje sexa, −1 på varje etta."
HERO_QUIRK_SUPERSTITIOUS,Superstitious,Vidskeplig
HERO_QUIRK_SUPERSTITIOUS_DESC,+1 reroll per fight.,+1 omkast per strid.
HERO_QUIRK_HOARDER,Hoarder,Hamstrare
HERO_QUIRK_HOARDER_DESC,"+2 Charge every round, Charge cap −5.","+2 Laddning varje runda, laddningstak −5."
HERO_QUIRK_RIGHT_HANDED,Right-Handed,Högerhänt
HERO_QUIRK_RIGHT_HANDED_DESC,"Slot 5 +2, slot 1 −1.","Slot 5 +2, slot 1 −1."
GEAR_TARGET_EQUIP,Wear it on %s.,Bär den på %s.
GEAR_TARGET_REPLACES,"Wear it on %s, %s goes to your pack.","Bär den på %s, %s hamnar i packningen."
GEAR_TARGET_PACK,%s is locked until level %d: it rides in your pack.,%s är låst till nivå %d: den åker med i packningen.
GEAR_MARKET_RULE,Gear bought here waits in the bank. Carry it down and it can be lost.,Gear du köper här väntar i banken. Bär du ner den kan den gå förlorad.
GEAR_CATEGORY,gear,gear
GEAR_RARITY_EPIC,EPIC,EPISK
GEAR_FX_MAX_HP,+%d max HP,+%d max-HP
GEAR_FX_COMBAT_REROLL,+%d reroll this fight,+%d omkast i striden
GEAR_FX_FIRST_ROUND_REROLL,+%d reroll this round,+%d omkast den här rundan
GEAR_FX_START_CHARGE,started with %d Charge,började med %d Laddning
GEAR_FX_FIRST_ROUND_EXTRA_DIE,+%d die this round,+%d tärning den här rundan
GEAR_FX_EXTRA_SLOT,+%d slot,+%d slot
GEAR_FX_CHARGE_CAP,Charge cap %d,Laddningstak %d
GEAR_FX_CHARGE_CAP_DELTA,Charge cap %d,Laddningstak %d
GEAR_FX_RESCUE_BONUS,+%d item rescued if you die,+%d föremål räddas om du dör
GEAR_FX_WARD_ON_ROUND_START,+%d Ward,+%d Ward
GEAR_FX_LEFTMOST_BONUS,+%d on slot %d,+%d på slot %d
GEAR_FX_SLOT_BONUS,%+d on slot %d,%+d på slot %d
GEAR_FX_PIP_BONUS,%+d on %ds,%+d på %d:or
GEAR_FX_ANVIL_THRESHOLD,Anvil doubled a %d,Ambossen dubblade en %d:a
GEAR_FX_HOUSE_TWO_PAIR,two pairs made a HOUSE,två par blev KÅK
GEAR_FX_DAMAGE_PER_KILL,+%d damage on slot %d,+%d skada på slot %d
GEAR_FX_ARMOR_PIERCE_SLOT,slot %d ignored %d armor,slot %d ignorerade %d rustning
GEAR_FX_ARMOR_PIERCE_BIGGEST,slot %d ignored %d armor,slot %d ignorerade %d rustning
GEAR_FX_OVERFLOW_IGNORES_ARMOR,overflow ignored %d armor,överflödet ignorerade %d rustning
GEAR_FX_CHARGE_ON_KILL,+%d Charge from a kill,+%d Laddning för en dödad fiende
GEAR_FX_PLAYER_ARMOR,blocked %d,blockerade %d
GEAR_FX_UNPLACED_CHARGE_BONUS,+%d Charge,+%d Laddning
GEAR_FX_CHARGE_PER_ROUND,+%d Charge,+%d Laddning
GEAR_FX_CHARGE_IF_UNHURT,"+%d Charge, no damage taken","+%d Laddning, ingen skada tagen"
GEAR_FX_WARD_RETAIN,%d Ward stays,%d Ward ligger kvar
CHEST_MARROW_TITLE,Marrow holds out the cart,Marrow håller fram kärran
CHEST_MARROW_BODY,Everything else stays down there with them.,Allt annat stannar där nere med dem.
CHEST_EMPTY_BODY,No chest to put it in. Build one in the forge and I will carry what fits.,Det finns ingen kista att lägga det i. Bygg en i smedjan så bär jag det som får plats.
CHEST_AD_OFFER,Watch an ad: rescue one more,Se en annons: rädda ett till
CHEST_RESCUE_CONFIRM,RESCUE %d AND GO UP,RÄDDA %d OCH GÅ UPP
CHEST_ARRIVAL,"%s is gone. The chest kept %d, the pit kept %d.","%s är borta. Kistan behöll %d, gropen behöll %d."
CHEST_LEVEL,Chest level %d · rescues %d when a hero dies,Kistan nivå %d · räddar %d när en hjälte dör
CHEST_STORE,In the chest,I kistan
BANK_TITLE,The cart goes up from here,Kärran går upp härifrån
BANK_BODY,"What you send up is safe for good, but you will not wear it against the boss.","Det du skickar upp är säkert för alltid, men du bär det inte mot bossen."
BANK_SEND,SEND %d UP,SKICKA UPP %d
BANK_KEEP_ALL,KEEP EVERYTHING,BEHÅLL ALLT
BANK_STORE,Sent up with the cart,Skickat upp med kärran
HERO_XP_GAINED,XP gained,XP intjänat
HERO_LEVEL_UP,Level up,Ny nivå
HERO_LEVEL_VALUE,level %d,nivå %d
HERO_GEAR_SECURED,Gear secured,Gear säkrat
HERO_FALLEN,%s is dead,%s är död
HERO_ROW,%s · level %d · %d XP to next · %s · %d slots,%s · nivå %d · %d XP till nästa · %s · %d platser
TAVERN_PLACE,The Tavern,Tavernan
TAVERN_RULE,"Four seats, never more. Whoever goes down carries everything they wear.","Fyra platser, aldrig fler. Den som går ner bär allt den har på sig."
TAVERN_LEVEL,Tavern level %d · %d seats,Tavernan nivå %d · %d platser
TAVERN_ACTIVE,GOES DOWN,GÅR NER
TAVERN_SEND,SEND DOWN,SKICKA NER
TAVERN_RECRUIT,RECRUIT,REKRYTERA
TAVERN_FALLEN,The fallen: %s,De fallna: %s
TAVERN_FALLEN_COUNT,Heroes lost,Förlorade hjältar
GEAR_MARKET_LEVEL,Market level %d · %d wares per visit,Marknaden nivå %d · %d varor per besök
GEAR_FORGE_LEVEL,Forge level %d · items up to +%d,Smedjan nivå %d · föremål upp till +%d
GEAR_BUILD_NEXT,BUILD · %d PIPS,BYGG · %d ÖGON
GEAR_UPGRADE,UPGRADE · %d PIPS,UPPGRADERA · %d ÖGON
GEAR_WEAR,WEAR,BÄR
GEAR_LOCKED_SLOT,locked,låst
GEAR_COLLECTION,Gear found,Gear funnet
NARRATOR_ENCOUNTER_1,The torch holds. The wall does not.,Facklan håller. Det gör inte muren.
NARRATOR_ENCOUNTER_2,Something breathes in the dark ahead.,Något andas i mörkret framför dig.
NARRATOR_ENCOUNTER_3,Count them before they count you.,Räkna dem innan de räknar dig.
NARRATOR_DOOR,The door breathes. So does whatever is behind it.,Dörren andas. Det gör det bakom den också.
NARRATOR_BOSS,Everything down here answers to this.,Allt här nere lyder under den här.
NARRATOR_CLEARED_1,Quiet again. For now.,Tyst igen. För stunden.
NARRATOR_CLEARED_2,The dark takes back what it lent.,Mörkret tar tillbaka det det lånat ut.
CHARSHEET_LOCKED_LV,LV %d,NV %d
CREDITS_TITLE,CREDITS,MEDVERKANDE
CREDITS_FONTS,FONTS,TYPSNITT
CREDITS_FONTS_NOTE,All four typefaces are licensed under the SIL Open Font License 1.1.,Alla fyra typsnitten är licensierade under SIL Open Font License 1.1.
SETTINGS_CREDITS,Credits,Medverkande
